nearest_x,run,agent_id,x,y,z
2.000000000000000000e+00,0.000000000000000000e+00,0.000000000000000000e+00,1.410710567871345589e+01,8.896328717007294529e+01,8.837794968749336988e+01
2.000000000000000000e+00,0.000000000000000000e+00,1.000000000000000000e+00,5.507307337077771336e+01,6.940351042865229658e+01,1.164766186726718189e+01
2.000000000000000000e+00,0.000000000000000000e+00,2.000000000000000000e+00,3.408008387762250635e+01,9.293356306748209761e+01,6.721013087190732449e+01
2.000000000000000000e+00,0.000000000000000000e+00,3.000000000000000000e+00,7.341204836998787187e+01,5.742183666975277134e+01,7.333557355824127910e+01
2.000000000000000000e+00,0.000000000000000000e+00,4.000000000000000000e+00,2.167047641768512634e+01,5.136934603409076772e+01,5.520208142681929608e+00
2.000000000000000000e+00,0.000000000000000000e+00,5.000000000000000000e+00,4.687063543831386170e+01,5.498717625902118655e+00,2.898469978046900053e+01
2.000000000000000000e+00,0.000000000000000000e+00,6.000000000000000000e+00,1.753643416251667730e+01,7.696071626107895725e+01,3.115405863256857089e+01
2.000000000000000000e+00,0.000000000000000000e+00,7.000000000000000000e+00,8.580476484641891943e+01,5.576262355192122300e+01,7.049029495029562042e+01
2.000000000000000000e+00,0.000000000000000000e+00,8.000000000000000000e+00,7.576313661812882572e+01,1.165597027428709609e+01,4.083650938204750247e+01
2.000000000000000000e+00,0.000000000000000000e+00,9.000000000000000000e+00,5.950023168863655343e+01,7.315299690417998590e+01,7.490551374859410316e+01
2.000000000000000000e+00,0.000000000000000000e+00,1.000000000000000000e+01,7.535253011860018546e+01,1.005083163809202418e+01,3.718734261675550101e+01
2.000000000000000000e+00,0.000000000000000000e+00,1.100000000000000000e+01,4.686405256021848942e+01,2.082979745249619086e+01,3.246183550148845143e+01
2.000000000000000000e+00,0.000000000000000000e+00,1.200000000000000000e+01,2.104036348394828693e+01,7.428701809503728271e+01,2.772103148098752357e+01
2.000000000000000000e+00,0.000000000000000000e+00,1.300000000000000000e+01,8.457169322937119205e+01,5.446372848270164013e+01,2.294901639313429342e+01
2.000000000000000000e+00,0.000000000000000000e+00,1.400000000000000000e+01,3.275499075226876045e+01,8.515427005224518098e+01,6.982477882862106355e+01
2.000000000000000000e+00,0.000000000000000000e+00,1.500000000000000000e+01,8.506646272121808749e+01,4.479846812627741315e+01,2.264749613651751758e+01
2.000000000000000000e+00,0.000000000000000000e+00,1.600000000000000000e+01,9.395139744070084475e+01,8.765081461747355718e+01,1.241989091506265197e+01
2.000000000000000000e+00,0.000000000000000000e+00,1.700000000000000000e+01,4.499679529704493319e+01,2.345380134334907396e+01,3.053701604406523629e+01
2.000000000000000000e+00,0.000000000000000000e+00,1.800000000000000000e+01,8.719128858952373662e+01,2.471710318870514556e+01,7.136451843530814187e+01
2.000000000000000000e+00,0.000000000000000000e+00,1.900000000000000000e+01,5.829931402778019134e+01,9.526103539038143708e+01,6.275892622761496398e+01
2.000000000000000000e+00,0.000000000000000000e+00,2.000000000000000000e+01,1.466475873175138389e+01,1.368377043231963519e+01,9.408662629465675309e+01
2.000000000000000000e+00,0.000000000000000000e+00,2.100000000000000000e+01,4.671567898064568070e+00,6.274406283265837203e+01,5.751619090602948958e+00
2.000000000000000000e+00,0.000000000000000000e+00,2.200000000000000000e+01,3.362452632973011646e+01,8.955795779340448348e+01,7.118835450002555376e+01
2.000000000000000000e+00,0.000000000000000000e+00,2.300000000000000000e+01,7.782224050853064234e+00,8.147332524580131974e+01,8.848937877985866862e+01
2.000000000000000000e+00,0.000000000000000000e+00,2.400000000000000000e+01,2.265924981279532346e+01,5.006403946246452819e+01,5.938753789196892008e+00
2.000000000000000000e+00,0.000000000000000000e+00,2.500000000000000000e+01,1.226795235708433118e+01,2.158440106394932556e+01,1.942237000499854460e+01
2.000000000000000000e+00,0.000000000000000000e+00,2.600000000000000000e+01,2.016623215733162766e+01,1.458646802347923987e+01,9.347269333936385749e+01
2.000000000000000000e+00,0.000000000000000000e+00,2.700000000000000000e+01,1.850439569837558196e+01,1.331090657597888161e+01,9.262044192868415848e+01
2.000000000000000000e+00,0.000000000000000000e+00,2.800000000000000000e+01,6.493766669447005313e+01,9.182371922671748621e+01,6.468916955215051701e+01
2.000000000000000000e+00,0.000000000000000000e+00,2.900000000000000000e+01,2.394968841717003372e+01,5.264292523563955228e+01,6.085768099780583640e+00
2.000000000000000000e+00,0.000000000000000000e+00,3.000000000000000000e+01,2.490391744799911677e+01,5.168248064197626235e+01,6.301921871635487449e+00
2.000000000000000000e+00,0.000000000000000000e+00,3.100000000000000000e+01,3.124451846891807349e+01,5.855357306895072611e+01,1.141612502946079211e+01
2.000000000000000000e+00,0.000000000000000000e+00,3.200000000000000000e+01,8.540960686927830636e+01,8.512224601777862176e+01,6.558666126015116049e+01
2.000000000000000000e+00,0.000000000000000000e+00,3.300000000000000000e+01,3.478429546191070898e+01,4.185367203434829975e+01,4.081961342527186787e+01
2.000000000000000000e+00,0.000000000000000000e+00,3.400000000000000000e+01,8.167328987958440223e+01,3.608510321906140206e+01,6.247870245984862692e+01
2.000000000000000000e+00,0.000000000000000000e+00,3.500000000000000000e+01,2.867310706856527958e+01,5.489760904116456430e+01,4.181952166284210648e+01
2.000000000000000000e+00,0.000000000000000000e+00,3.600000000000000000e+01,3.563732674592510108e+01,9.392754650856761600e+01,6.075630246344056928e+01
2.000000000000000000e+00,0.000000000000000000e+00,3.700000000000000000e+01,5.314483889982779630e+01,8.336394872804179101e+01,8.217724412816994572e+01
2.000000000000000000e+00,0.000000000000000000e+00,3.800000000000000000e+01,2.856115873178475795e+01,5.676297031918190328e+01,9.749340490853430907e+00
2.000000000000000000e+00,0.000000000000000000e+00,3.900000000000000000e+01,8.311370786644361885e+01,3.026272642278706115e+01,6.332145548045286176e+01
2.000000000000000000e+00,0.000000000000000000e+00,4.000000000000000000e+01,5.615035345176558934e+01,9.515661932728545480e+01,5.904173298638680478e+01
2.000000000000000000e+00,0.000000000000000000e+00,4.100000000000000000e+01,7.006887755145120877e+01,1.460212061325844424e+01,7.493527849398216745e+01
2.000000000000000000e+00,0.000000000000000000e+00,4.200000000000000000e+01,8.303213416249447221e+01,2.279079568046133275e+01,6.774364117143011299e+01
2.000000000000000000e+00,0.000000000000000000e+00,4.300000000000000000e+01,3.489325351131191866e+01,6.104304687223422832e+01,4.168144888795561798e+01
2.000000000000000000e+00,0.000000000000000000e+00,4.400000000000000000e+01,3.263278121858582637e+01,8.190150620284538263e+01,6.796667062526547909e+01
2.000000000000000000e+00,0.000000000000000000e+00,4.500000000000000000e+01,5.086988172176276635e+01,8.558164886139429939e+01,7.015629639081745950e+01
2.000000000000000000e+00,0.000000000000000000e+00,4.600000000000000000e+01,5.650176171068638808e+01,8.317171914499223817e+01,8.125498925426450114e+01
2.000000000000000000e+00,0.000000000000000000e+00,4.700000000000000000e+01,9.229924663967878473e+01,8.039644403044525234e+01,4.367990589127099810e+01
2.000000000000000000e+00,0.000000000000000000e+00,4.800000000000000000e+01,4.667509495898657690e+01,2.547184176490987539e+01,2.940234643329939956e+01
2.000000000000000000e+00,0.000000000000000000e+00,4.900000000000000000e+01,3.090844359440519540e+01,7.985396714769223081e+01,7.059226811858222561e+01
2.000000000000000000e+00,0.000000000000000000e+00,5.000000000000000000e+01,8.497183226228202102e+01,2.106522547514830634e+01,6.821196332994128397e+01
2.000000000000000000e+00,0.000000000000000000e+00,5.100000000000000000e+01,3.531039220672072787e+01,9.284742899660558635e+01,6.839089476297704095e+01
2.000000000000000000e+00,0.000000000000000000e+00,5.200000000000000000e+01,4.049282712814922469e+00,6.536009033458681472e+01,5.754417501597403728e+00
2.000000000000000000e+00,0.000000000000000000e+00,5.300000000000000000e+01,8.546262899608589692e+01,2.497557768839427084e+01,6.841742125151253617e+01
2.000000000000000000e+00,0.000000000000000000e+00,5.400000000000000000e+01,1.640500338805539471e+01,1.450111381819413658e+01,9.319967709859693628e+01
2.000000000000000000e+00,0.000000000000000000e+00,5.500000000000000000e+01,9.329561678425277194e+01,1.274504937476346988e+01,8.118026272684213041e+01
2.000000000000000000e+00,0.000000000000000000e+00,5.600000000000000000e+01,7.047272691246638487e+01,1.446743195589689712e+01,7.610163878604265619e+01
2.000000000000000000e+00,0.000000000000000000e+00,5.700000000000000000e+01,2.102584834319632634e+01,7.597875869128320403e+01,3.861694923195770457e+01
2.000000000000000000e+00,0.000000000000000000e+00,5.800000000000000000e+01,4.694735277185579747e+01,7.658519585055789491e+01,7.873165912162224167e+00
2.000000000000000000e+00,0.000000000000000000e+00,5.900000000000000000e+01,2.388614756341798540e+01,9.010800361780540868e+01,6.924059194137014117e+01
2.000000000000000000e+00,0.000000000000000000e+00,6.000000000000000000e+01,4.511289683162659969e+01,4.503307726893732266e+00,2.772008732280042409e+01
2.000000000000000000e+00,0.000000000000000000e+00,6.100000000000000000e+01,1.649003492130508519e+01,1.335636173521579551e+01,9.312301114522706769e+01
2.000000000000000000e+00,0.000000000000000000e+00,6.200000000000000000e+01,5.882118817615842232e+01,8.259542846317610554e+01,7.361021303624872303e+01
2.000000000000000000e+00,0.000000000000000000e+00,6.300000000000000000e+01,9.425379325876262726e+01,1.494246822165054844e+01,7.614715893928035939e+01
2.000000000000000000e+00,0.000000000000000000e+00,6.400000000000000000e+01,8.730783236622997379e+01,5.612429848430762291e+01,7.528818053764560148e+01
2.000000000000000000e+00,0.000000000000000000e+00,6.500000000000000000e+01,8.586895803740353017e+01,8.676130096710758721e+01,6.789571964250110625e+01
2.000000000000000000e+00,0.000000000000000000e+00,6.600000000000000000e+01,2.321442315702456582e+01,5.936026339746383940e+01,7.168533813986740277e+00
2.000000000000000000e+00,0.000000000000000000e+00,6.700000000000000000e+01,4.589573301195795807e+01,3.023268289664959596e+01,2.876555513688372301e+01
2.000000000000000000e+00,0.000000000000000000e+00,6.800000000000000000e+01,1.079227613572614253e+01,8.785295530460577140e+01,8.658771637573026680e+01
2.000000000000000000e+00,0.000000000000000000e+00,6.900000000000000000e+01,9.206744456393380460e+01,7.809980143499090843e+01,4.849722774922096846e+01
2.000000000000000000e+00,0.000000000000000000e+00,7.000000000000000000e+01,1.907063515208668036e+01,7.233267255335047707e+01,4.141231558580476246e+01
2.000000000000000000e+00,0.000000000000000000e+00,7.100000000000000000e+01,2.066060331718516352e+01,7.718076669734237782e+01,4.288324933274319761e+01
2.000000000000000000e+00,0.000000000000000000e+00,7.200000000000000000e+01,2.779814923391622017e+01,9.072597512041993184e+01,7.013311541273924377e+01
2.000000000000000000e+00,0.000000000000000000e+00,7.300000000000000000e+01,4.916303182348101330e+01,2.402665001366389319e+01,3.387155667037687579e+01
2.000000000000000000e+00,0.000000000000000000e+00,7.400000000000000000e+01,1.929480354960663746e+01,7.207949514424700510e+01,4.282071947409365009e+01
2.000000000000000000e+00,0.000000000000000000e+00,7.500000000000000000e+01,8.232428364326463566e+01,3.318033189639527336e+01,6.567468310955067068e+01
2.000000000000000000e+00,0.000000000000000000e+00,7.600000000000000000e+01,5.990106542938548984e+01,7.599985442341625230e+01,7.808372063782100270e+01
2.000000000000000000e+00,0.000000000000000000e+00,7.700000000000000000e+01,7.445822685486625403e+01,2.008175218795485151e+01,3.656228687210991524e+01
2.000000000000000000e+00,0.000000000000000000e+00,7.800000000000000000e+01,3.552072686021202230e+01,4.309807821188130816e+01,3.885295508834886391e+01
2.000000000000000000e+00,0.000000000000000000e+00,7.900000000000000000e+01,3.356833246276641347e+01,5.839084324697579120e+01,4.433162490492212271e+01
2.000000000000000000e+00,0.000000000000000000e+00,8.000000000000000000e+01,1.669476823713798197e+01,1.488435799797662540e+01,8.835597547538904450e+01
2.000000000000000000e+00,0.000000000000000000e+00,8.100000000000000000e+01,2.511723842167110021e+01,9.041685038339608127e+01,6.562512394422303430e+01
2.000000000000000000e+00,0.000000000000000000e+00,8.200000000000000000e+01,8.264007980835931733e+01,4.804307319491969253e+01,2.428117549793831031e+01
2.000000000000000000e+00,0.000000000000000000e+00,8.300000000000000000e+01,5.786482710020798237e+01,8.114663710412024500e+01,7.319304704693797703e+01
2.000000000000000000e+00,0.000000000000000000e+00,8.400000000000000000e+01,1.523319330223604950e+01,1.290858747035982290e+01,9.232227104948090357e+01
2.000000000000000000e+00,0.000000000000000000e+00,8.500000000000000000e+01,7.418158382561435360e+01,2.185840617880875314e+01,3.171035167826948964e+01
2.000000000000000000e+00,0.000000000000000000e+00,8.600000000000000000e+01,7.708677593466603639e+01,1.022850206852976207e+01,3.319441741414922120e+01
2.000000000000000000e+00,0.000000000000000000e+00,8.700000000000000000e+01,8.465055851733735892e+01,4.828962167693291008e+01,2.423734821819669705e+01
2.000000000000000000e+00,0.000000000000000000e+00,8.800000000000000000e+01,8.523817631538980777e+01,2.423227215468181939e+01,7.012284161236985369e+01
2.000000000000000000e+00,0.000000000000000000e+00,8.900000000000000000e+01,5.779238699393613388e+01,9.549663461490386851e+01,6.020001103089625616e+01
2.000000000000000000e+00,0.000000000000000000e+00,9.000000000000000000e+01,8.512450671999974361e+01,3.524629713351914972e+01,6.401957657472856056e+01
2.000000000000000000e+00,0.000000000000000000e+00,9.100000000000000000e+01,1.880381201552945214e+01,7.045725366691615932e+01,4.330231634480652758e+01
2.000000000000000000e+00,0.000000000000000000e+00,9.200000000000000000e+01,5.813042110437669407e+01,9.381802262717140195e+01,5.756803599023140094e+01
2.000000000000000000e+00,0.000000000000000000e+00,9.300000000000000000e+01,1.675959355220708602e+01,7.401336915034917752e+01,2.964387590266805006e+01
2.000000000000000000e+00,0.000000000000000000e+00,9.400000000000000000e+01,8.551601260604120114e+01,2.298864901795558069e+01,7.461523184485488969e+01
2.000000000000000000e+00,0.000000000000000000e+00,9.500000000000000000e+01,6.069740833521547785e+01,9.528211185738824440e+01,6.127524910514755163e+01
2.000000000000000000e+00,0.000000000000000000e+00,9.600000000000000000e+01,8.479025188695491977e+01,2.646649204810761447e+01,6.357155608935448043e+01
2.000000000000000000e+00,0.000000000000000000e+00,9.700000000000000000e+01,7.934337691909833268e+01,1.230826064151758992e+01,3.771299123067856840e+01
2.000000000000000000e+00,0.000000000000000000e+00,9.800000000000000000e+01,9.431627080444124545e+01,8.861136228361949918e+01,1.357831141954484266e+01
2.000000000000000000e+00,0.000000000000000000e+00,9.900000000000000000e+01,2.378394267261025874e+01,5.828295130933222623e+01,5.428614296544132856e+00
2.000000000000000000e+00,0.000000000000000000e+00,1.000000000000000000e+02,5.605094737431737428e+01,7.541879006556510490e+01,6.497653608479510012e+00
2.000000000000000000e+00,0.000000000000000000e+00,1.010000000000000000e+02,1.454356080884567604e+01,1.072356605513055428e+01,9.234735018779107918e+01
2.000000000000000000e+00,0.000000000000000000e+00,1.020000000000000000e+02,3.443726648022171588e+01,9.134549603013888941e+01,5.875293009457037385e+01
2.000000000000000000e+00,0.000000000000000000e+00,1.030000000000000000e+02,1.297032200133582869e+01,2.070144267516349146e+01,2.248149575818449364e+01
2.000000000000000000e+00,0.000000000000000000e+00,1.040000000000000000e+02,7.214827904845795103e+01,5.617535975218788735e+01,7.710188709712774369e+01
2.000000000000000000e+00,0.000000000000000000e+00,1.050000000000000000e+02,7.404626175340669647e+01,1.295184709521632449e+01,7.113021055144825766e+01
2.000000000000000000e+00,0.000000000000000000e+00,1.060000000000000000e+02,2.005330901173229563e+01,5.804079727900817431e+01,4.635469941963285656e+00
2.000000000000000000e+00,0.000000000000000000e+00,1.070000000000000000e+02,3.072096110197900742e+01,5.824913266951445934e+01,3.960411889620033321e+01
2.000000000000000000e+00,0.000000000000000000e+00,1.080000000000000000e+02,9.120137279444180933e+01,7.853598793242565534e+01,4.754956906146900053e+01
2.000000000000000000e+00,0.000000000000000000e+00,1.090000000000000000e+02,6.133346293654484782e+01,9.202145835274293972e+01,2.926681791196264015e+01
2.000000000000000000e+00,0.000000000000000000e+00,1.100000000000000000e+02,7.014639039164347878e+01,2.296391608797905803e+01,3.076858588110490444e+01
2.000000000000000000e+00,0.000000000000000000e+00,1.110000000000000000e+02,6.121642413062185284e+01,8.359572259445938869e+01,7.423392433330310780e+01
2.000000000000000000e+00,0.000000000000000000e+00,1.120000000000000000e+02,5.509689918708278356e+01,9.496799632023068227e+01,5.880446437801325033e+01
2.000000000000000000e+00,0.000000000000000000e+00,1.130000000000000000e+02,2.735742248949738098e+01,5.570274671090368912e+01,3.108387586159738447e+01
2.000000000000000000e+00,0.000000000000000000e+00,1.140000000000000000e+02,7.237702872480176097e+01,8.143284243400178468e+01,8.014737751895542317e+01
2.000000000000000000e+00,0.000000000000000000e+00,1.150000000000000000e+02,8.549179953678311961e+01,5.416489396514462129e+01,2.141599052797594993e+01
2.000000000000000000e+00,0.000000000000000000e+00,1.160000000000000000e+02,8.510528393911693001e+01,5.254858991093413323e+01,2.267738090581640975e+01
2.000000000000000000e+00,0.000000000000000000e+00,1.170000000000000000e+02,5.520087692089649778e+01,7.243564859064356654e+01,9.397377405262460570e+00
2.000000000000000000e+00,0.000000000000000000e+00,1.180000000000000000e+02,5.714172615085420404e+01,9.479453561374417347e+01,6.212965691861527517e+01
2.000000000000000000e+00,0.000000000000000000e+00,1.190000000000000000e+02,3.461674177546223774e+01,9.100832563152782484e+01,6.848515572109924676e+01
2.000000000000000000e+00,0.000000000000000000e+00,1.200000000000000000e+02,7.117801745858689344e+01,7.937977342859866781e+01,8.651477073369282778e+01
2.000000000000000000e+00,0.000000000000000000e+00,1.210000000000000000e+02,9.267766463225616747e+01,8.791353676657770677e+01,1.322988778588487513e+01
2.000000000000000000e+00,0.000000000000000000e+00,1.220000000000000000e+02,8.381561134793436452e+01,3.793616676786014352e+01,6.060124045279862059e+01
2.000000000000000000e+00,0.000000000000000000e+00,1.230000000000000000e+02,8.690259100277225457e+01,6.981365587344191681e+01,7.267093010875903758e+01
2.000000000000000000e+00,0.000000000000000000e+00,1.240000000000000000e+02,6.025992917567847940e+01,9.133563418463093342e+01,3.139341625159380555e+01
2.000000000000000000e+00,0.000000000000000000e+00,1.250000000000000000e+02,7.890088233998348244e+01,1.068981663244261959e+01,3.791069809364086751e+01
2.000000000000000000e+00,0.000000000000000000e+00,1.260000000000000000e+02,4.188961235597498955e+01,5.235274751388534042e+00,2.653207510046271267e+01
2.000000000000000000e+00,0.000000000000000000e+00,1.270000000000000000e+02,2.586697125067048830e+01,5.652296377942744954e+01,5.061345195138838626e+00
2.000000000000000000e+00,0.000000000000000000e+00,1.280000000000000000e+02,4.569959032661628129e+01,2.663940111708504688e+01,3.235416271841087621e+01
2.000000000000000000e+00,0.000000000000000000e+00,1.290000000000000000e+02,9.433482920908514302e+01,7.290051705529172921e+01,9.987113877389292682e+00
2.000000000000000000e+00,0.000000000000000000e+00,1.300000000000000000e+02,5.638941208146106732e+01,7.248034175157346226e+01,1.337788787968503712e+01
2.000000000000000000e+00,0.000000000000000000e+00,1.310000000000000000e+02,2.741858541214228495e+01,5.759546637349976805e+01,3.308501741599909707e+01
2.000000000000000000e+00,0.000000000000000000e+00,1.320000000000000000e+02,5.710743192861301765e+01,7.489737499373480034e+01,6.534315961479030932e+00
2.000000000000000000e+00,0.000000000000000000e+00,1.330000000000000000e+02,1.276347794950709691e+01,1.001865485405538791e+01,8.925424967333277948e+01
2.000000000000000000e+00,0.000000000000000000e+00,1.340000000000000000e+02,3.647077099556085500e+01,4.269922331588661990e+01,4.156813235847859289e+01
2.000000000000000000e+00,0.000000000000000000e+00,1.350000000000000000e+02,5.639133082237247407e+01,9.324417831575250659e+01,6.304469632009019620e+01
2.000000000000000000e+00,0.000000000000000000e+00,1.360000000000000000e+02,5.872680319622677558e+01,7.473878775001423946e+01,7.478098098476414179e+01
2.000000000000000000e+00,0.000000000000000000e+00,1.370000000000000000e+02,8.692987589594088149e+01,2.660086501140238724e+01,6.970918621813186178e+01
2.000000000000000000e+00,0.000000000000000000e+00,1.380000000000000000e+02,6.953189134416048489e+01,7.984021570766347509e+01,8.192695790402848388e+01
2.000000000000000000e+00,0.000000000000000000e+00,1.390000000000000000e+02,2.822238787624215561e+01,8.209543030759519411e+01,7.319237566401649531e+01
2.000000000000000000e+00,0.000000000000000000e+00,1.400000000000000000e+02,3.145499178698275244e+01,8.526377215445427282e+01,6.740265093498993565e+01
2.000000000000000000e+00,0.000000000000000000e+00,1.410000000000000000e+02,7.489909817990924523e+01,5.848823757400849388e+01,7.683101134191329606e+01
2.000000000000000000e+00,0.000000000000000000e+00,1.420000000000000000e+02,3.454952654472010209e+01,9.493930337424858124e+01,5.874502167517230333e+01
2.000000000000000000e+00,0.000000000000000000e+00,1.430000000000000000e+02,8.715488906506986666e+01,8.713631845112846008e+01,6.546159434420637524e+01
2.000000000000000000e+00,0.000000000000000000e+00,1.440000000000000000e+02,4.591812193982889312e+01,7.848019547113496230e+01,9.430376680606231687e+00
2.000000000000000000e+00,0.000000000000000000e+00,1.450000000000000000e+02,3.475931232408166949e+01,9.267652905242609052e+01,6.327100073053104268e+01
2.000000000000000000e+00,0.000000000000000000e+00,1.460000000000000000e+02,5.954098147657761331e+01,9.148173878774620960e+01,2.994792673274068662e+01
2.000000000000000000e+00,0.000000000000000000e+00,1.470000000000000000e+02,3.649917001051191789e+01,9.218825250436984220e+01,5.938136378201056687e+01
2.000000000000000000e+00,0.000000000000000000e+00,1.480000000000000000e+02,4.485183194089301217e+00,6.254508883905559458e+01,7.234217590782664686e+00
2.000000000000000000e+00,0.000000000000000000e+00,1.490000000000000000e+02,9.443539022709526876e+01,7.034096072739372119e+01,9.213696774354790620e+00
2.000000000000000000e+00,0.000000000000000000e+00,1.500000000000000000e+02,5.928531120659312315e+00,8.446136753099906969e+01,8.698042105687832759e+01
2.000000000000000000e+00,0.000000000000000000e+00,1.510000000000000000e+02,8.865476077245068609e+01,6.878882288609891305e+01,6.891495344802036982e+01
2.000000000000000000e+00,0.000000000000000000e+00,1.520000000000000000e+02,8.464794704847712126e+01,5.329027109680830421e+01,7.432241803915657385e+01
2.000000000000000000e+00,0.000000000000000000e+00,1.530000000000000000e+02,6.118433723670362667e+01,7.521375048283941567e+01,7.583986837820984306e+01
2.000000000000000000e+00,0.000000000000000000e+00,1.540000000000000000e+02,8.008306596021145651e+01,5.611487077103616627e+01,7.697740224109681151e+01
2.000000000000000000e+00,0.000000000000000000e+00,1.550000000000000000e+02,7.155663191144789437e+01,8.132686264239940499e+01,8.316392101447461016e+01
2.000000000000000000e+00,0.000000000000000000e+00,1.560000000000000000e+02,2.953724155705491938e+01,5.559581573748136663e+01,3.107779498282965491e+01
2.000000000000000000e+00,0.000000000000000000e+00,1.570000000000000000e+02,5.614860335173241168e+01,7.448730179194366485e+01,6.118986294048771590e+00
2.000000000000000000e+00,0.000000000000000000e+00,1.580000000000000000e+02,8.338737735960410191e+01,2.547703753530345239e+01,7.072342187413484282e+01
2.000000000000000000e+00,0.000000000000000000e+00,1.590000000000000000e+02,2.794666685018640706e+01,8.983591124689316132e+01,6.474253478139294771e+01
2.000000000000000000e+00,0.000000000000000000e+00,1.600000000000000000e+02,9.250683627258314345e+01,1.661356991894942325e+01,8.366834903246341071e+01
2.000000000000000000e+00,0.000000000000000000e+00,1.610000000000000000e+02,2.417683832772394581e+01,6.077964625526612963e+01,8.553487455126111527e+00
2.000000000000000000e+00,0.000000000000000000e+00,1.620000000000000000e+02,8.986217808319506162e+01,6.725123694930277907e+01,7.227463686390655084e+01
2.000000000000000000e+00,0.000000000000000000e+00,1.630000000000000000e+02,9.255904961577040524e+01,7.040003591702662789e+01,8.863352346571391038e+00
2.000000000000000000e+00,0.000000000000000000e+00,1.640000000000000000e+02,8.367988223850281315e+01,5.010952637242191798e+01,2.527743405059970883e+01
2.000000000000000000e+00,0.000000000000000000e+00,1.650000000000000000e+02,3.293956492278311998e+01,5.411966742295894761e+01,4.255913798044479535e+01
2.000000000000000000e+00,0.000000000000000000e+00,1.660000000000000000e+02,1.307657909097979321e+01,8.470572791327931839e+01,8.733068427320630178e+01
2.000000000000000000e+00,0.000000000000000000e+00,1.670000000000000000e+02,4.379721786399331762e+01,7.666894160377282219e+01,7.668824333766226964e+00
2.000000000000000000e+00,0.000000000000000000e+00,1.680000000000000000e+02,9.155470626433833559e+01,7.896305568462365443e+01,4.842467963258661001e+01
2.000000000000000000e+00,0.000000000000000000e+00,1.690000000000000000e+02,7.990529854669685506e+01,1.081081477366816657e+01,3.595665518471626143e+01
2.000000000000000000e+00,0.000000000000000000e+00,1.700000000000000000e+02,3.444074548328509877e+01,8.704253017075052412e+01,7.131052227467208127e+01
2.000000000000000000e+00,0.000000000000000000e+00,1.710000000000000000e+02,6.149360904480522549e+01,7.267490431604862522e+01,7.502025364700998011e+01
2.000000000000000000e+00,0.000000000000000000e+00,1.720000000000000000e+02,4.373850733173746619e+01,6.639517930196691786e+00,2.703792257972342483e+01
2.000000000000000000e+00,0.000000000000000000e+00,1.730000000000000000e+02,8.180686643460835228e+01,4.362590850572301093e+01,2.284008698913214275e+01
2.000000000000000000e+00,0.000000000000000000e+00,1.740000000000000000e+02,2.886844421270961192e+01,8.469596291342634231e+01,6.926432459611352499e+01
2.000000000000000000e+00,0.000000000000000000e+00,1.750000000000000000e+02,7.056902522235175468e+01,2.189941762753266019e+01,3.476210329300178614e+01
2.000000000000000000e+00,0.000000000000000000e+00,1.760000000000000000e+02,9.217522956304198090e+01,1.254866709077673548e+01,7.767811733416216669e+01
2.000000000000000000e+00,0.000000000000000000e+00,1.770000000000000000e+02,6.888762785867372429e+01,9.032525588014246409e+01,6.502612300094456543e+01
2.000000000000000000e+00,0.000000000000000000e+00,1.780000000000000000e+02,5.355826924825309021e+01,7.397481245659757576e+01,1.276305830221067161e+01
2.000000000000000000e+00,0.000000000000000000e+00,1.790000000000000000e+02,9.328838352535782974e+01,1.717137757617178551e+01,7.922016454884322911e+01
2.000000000000000000e+00,0.000000000000000000e+00,1.800000000000000000e+02,3.018633421788453575e+01,8.806568901907166946e+01,6.979346380546299144e+01
2.000000000000000000e+00,0.000000000000000000e+00,1.810000000000000000e+02,3.952824738495329626e+01,9.244854631523492117e+01,6.292457588652229816e+01
2.000000000000000000e+00,0.000000000000000000e+00,1.820000000000000000e+02,1.894108388553214084e+01,7.377739783771052373e+01,4.159122105211308451e+01
2.000000000000000000e+00,0.000000000000000000e+00,1.830000000000000000e+02,2.016545615972183114e+01,7.702334673617529859e+01,3.378745564503901022e+01
2.000000000000000000e+00,0.000000000000000000e+00,1.840000000000000000e+02,8.637295963080626393e+01,3.001760878527087328e+01,7.288831711756539278e+01
2.000000000000000000e+00,0.000000000000000000e+00,1.850000000000000000e+02,6.867661121055949991e+01,9.381047542824380514e+01,6.308669090985564054e+01
2.000000000000000000e+00,0.000000000000000000e+00,1.860000000000000000e+02,8.340987225767555913e+01,2.680369507466584267e+01,7.480342793503737653e+01
2.000000000000000000e+00,0.000000000000000000e+00,1.870000000000000000e+02,5.945761038440559076e+01,9.489218435096209703e+01,5.746325446614321208e+01
2.000000000000000000e+00,0.000000000000000000e+00,1.880000000000000000e+02,5.626202407556115048e+01,7.447962103195480665e+01,7.482305905540781055e+01
2.000000000000000000e+00,0.000000000000000000e+00,1.890000000000000000e+02,9.365698794396071492e+01,8.722844735064226995e+01,1.706031432115264579e+01
2.000000000000000000e+00,0.000000000000000000e+00,1.900000000000000000e+02,2.464356544744866895e+01,4.778411988905521923e+01,6.998262935127375961e+00
2.000000000000000000e+00,0.000000000000000000e+00,1.910000000000000000e+02,7.459077391528656342e+00,8.746181459021717330e+01,8.739570801991590088e+01
2.000000000000000000e+00,0.000000000000000000e+00,1.920000000000000000e+02,5.953743004230673819e+01,7.385253479246877362e+01,7.271744882167305946e+01
2.000000000000000000e+00,0.000000000000000000e+00,1.930000000000000000e+02,7.143971404638635647e+01,1.453607285435347585e+01,7.515160891312156366e+01
2.000000000000000000e+00,0.000000000000000000e+00,1.940000000000000000e+02,2.361786952604679968e+01,5.011088141907445959e+01,6.812415011885161853e+00
2.000000000000000000e+00,0.000000000000000000e+00,1.950000000000000000e+02,3.072209279702693507e+01,5.787780776280068551e+01,3.151577114248748757e+01
2.000000000000000000e+00,0.000000000000000000e+00,1.960000000000000000e+02,5.434012352583854977e+01,8.345036007474359963e+01,8.543518346212839276e+01
2.000000000000000000e+00,0.000000000000000000e+00,1.970000000000000000e+02,1.746851758794225518e+01,7.149560098542774256e+01,2.947192568581814953e+01
2.000000000000000000e+00,0.000000000000000000e+00,1.980000000000000000e+02,8.693108251278836462e+01,3.281362202231230185e+01,6.816711383943713543e+01
2.000000000000000000e+00,0.000000000000000000e+00,1.990000000000000000e+02,1.485010881987538411e+01,2.166724221804220818e+01,2.065564285016163026e+01
3.000000000000000000e+00,0.000000000000000000e+00,0.000000000000000000e+00,2.485422602211709986e+01,8.680828428957572385e+01,6.207147448087605213e+00
3.000000000000000000e+00,0.000000000000000000e+00,1.000000000000000000e+00,2.006396183632527297e+01,8.523611586348791036e+01,9.158546545639097758e+01
3.000000000000000000e+00,0.000000000000000000e+00,2.000000000000000000e+00,4.148968311801753828e+01,5.549492309615359886e+01,1.361286282005218951e+01
3.000000000000000000e+00,0.000000000000000000e+00,3.000000000000000000e+00,8.469346128445043576e+01,9.075249372690211658e+01,2.064692163899250588e+01
3.000000000000000000e+00,0.000000000000000000e+00,4.000000000000000000e+00,6.373019418770552846e+01,3.566002935059086099e+01,3.623837116153710269e+01
3.000000000000000000e+00,0.000000000000000000e+00,5.000000000000000000e+00,2.855886654368507394e+01,1.520785915273526001e+01,9.442029406763822408e+01
3.000000000000000000e+00,0.000000000000000000e+00,6.000000000000000000e+00,4.111409033623690590e+01,5.755612658322039721e+01,1.345412627625374036e+01
3.000000000000000000e+00,0.000000000000000000e+00,7.000000000000000000e+00,3.926142124783454079e+01,5.553788939326344831e+01,1.404722811414393036e+01
3.000000000000000000e+00,0.000000000000000000e+00,8.000000000000000000e+00,8.617698487720699063e+01,1.436310112919470328e+01,3.836601575983386425e+01
3.000000000000000000e+00,0.000000000000000000e+00,9.000000000000000000e+00,8.181401826516940901e+01,1.501104371959130113e+01,3.765997188103743554e+01
3.000000000000000000e+00,0.000000000000000000e+00,1.000000000000000000e+01,8.816620520914226233e+01,4.525700437557863154e+01,8.478622028206852690e+01
3.000000000000000000e+00,0.000000000000000000e+00,1.100000000000000000e+01,1.817541685266038698e+01,1.533448529684778983e+01,7.849462115298694087e+00
3.000000000000000000e+00,0.000000000000000000e+00,1.200000000000000000e+01,1.539260203449043729e+01,4.622343150467701633e+01,7.687280823375655991e+00
3.000000000000000000e+00,0.000000000000000000e+00,1.300000000000000000e+01,2.313702618545478629e+01,8.738708542567810156e+00,6.170751790361428135e+01
3.000000000000000000e+00,0.000000000000000000e+00,1.400000000000000000e+01,6.084470597740784825e+01,7.905936339822815739e+01,1.792954482320107346e+01
3.000000000000000000e+00,0.000000000000000000e+00,1.500000000000000000e+01,8.380693798637910419e+00,9.127832950402063261e+01,3.154105498734981694e+01
3.000000000000000000e+00,0.000000000000000000e+00,1.600000000000000000e+01,2.280202748087983622e+01,1.444104646017632732e+01,1.097987441312413814e+01
3.000000000000000000e+00,0.000000000000000000e+00,1.700000000000000000e+01,2.662466545916451466e+01,9.324922067238738066e+00,5.920732162875413707e+01
3.000000000000000000e+00,0.000000000000000000e+00,1.800000000000000000e+01,8.277137941061644710e+01,6.218319172201779566e+01,3.618110175504487103e+01
3.000000000000000000e+00,0.000000000000000000e+00,1.900000000000000000e+01,2.037737484267292132e+01,3.062999267559808558e+01,9.973623487484527317e+00
3.000000000000000000e+00,0.000000000000000000e+00,2.000000000000000000e+01,1.951308583466784796e+01,1.002592831162515452e+01,6.513536171185481294e+01
3.000000000000000000e+00,0.000000000000000000e+00,2.100000000000000000e+01,9.261162487440795132e+01,4.333136524750393903e+01,8.601968335453672410e+01
3.000000000000000000e+00,0.000000000000000000e+00,2.200000000000000000e+01,1.655440864958131542e+01,4.897933508904368693e+01,8.825600052402405638e+00
3.000000000000000000e+00,0.000000000000000000e+00,2.300000000000000000e+01,1.978557779503411496e+01,7.422190456249279578e+01,5.056072010482147761e+01
3.000000000000000000e+00,0.000000000000000000e+00,2.400000000000000000e+01,7.951619188612588118e+01,1.814468184075145629e+01,3.587107178942811458e+01
3.000000000000000000e+00,0.000000000000000000e+00,2.500000000000000000e+01,2.306906799112713102e+01,8.409698874130047130e+00,5.899670423908393957e+01
3.000000000000000000e+00,0.000000000000000000e+00,2.600000000000000000e+01,5.826328292460551062e+00,4.793116899035172906e+01,5.650948259910664717e+01
3.000000000000000000e+00,0.000000000000000000e+00,2.700000000000000000e+01,6.672689950977094497e+01,8.236200081041411636e+01,4.498445743131190255e+01
3.000000000000000000e+00,0.000000000000000000e+00,2.800000000000000000e+01,6.902484346893540135e+01,8.146401812631890493e+01,4.579766848332540263e+01
3.000000000000000000e+00,0.000000000000000000e+00,2.900000000000000000e+01,1.087862553323573245e+01,7.408383442273968456e+01,5.246289078985316934e+01
3.000000000000000000e+00,0.000000000000000000e+00,3.000000000000000000e+01,2.784500815923485106e+01,1.547162604334980252e+01,9.317704189989372310e+01
3.000000000000000000e+00,0.000000000000000000e+00,3.100000000000000000e+01,9.249591748980989792e+01,4.982170388409404183e+01,8.308066104426080756e+01
3.000000000000000000e+00,0.000000000000000000e+00,3.200000000000000000e+01,1.447506199945444827e+01,2.219346620111375046e+01,1.381589850973221978e+01
3.000000000000000000e+00,0.000000000000000000e+00,3.300000000000000000e+01,8.240717791759843180e+01,1.415419845314152170e+01,3.186092394422637497e+01
3.000000000000000000e+00,0.000000000000000000e+00,3.400000000000000000e+01,1.857896282136138311e+01,4.255302962394405597e+01,7.266480664469880502e+00
3.000000000000000000e+00,0.000000000000000000e+00,3.500000000000000000e+01,1.154211245140194642e+01,7.684832927123181889e+01,4.759790095601736937e+01
3.000000000000000000e+00,0.000000000000000000e+00,3.600000000000000000e+01,2.692048606358859431e+01,9.095984130090819519e+01,7.268696763318547482e+01
3.000000000000000000e+00,0.000000000000000000e+00,3.700000000000000000e+01,2.434941085119963233e+01,1.445836554580603384e+01,9.490285935255869276e+01
3.000000000000000000e+00,0.000000000000000000e+00,3.800000000000000000e+01,6.656070162057758921e+01,3.676299303405875207e+01,3.732468408333773624e+01
3.000000000000000000e+00,0.000000000000000000e+00,3.900000000000000000e+01,9.122909648883823763e+01,4.592594848293669685e+01,8.239707495358724998e+01
3.000000000000000000e+00,0.000000000000000000e+00,4.000000000000000000e+01,2.482540311854039317e+01,2.784754576985519847e+01,1.147361957671536281e+01
3.000000000000000000e+00,0.000000000000000000e+00,4.100000000000000000e+01,8.472640676534543047e+01,8.959437036091021866e+01,1.965413041052886456e+01
3.000000000000000000e+00,0.000000000000000000e+00,4.200000000000000000e+01,1.117294796863262007e+01,8.844385934894607715e+01,1.000111874890012942e+01
3.000000000000000000e+00,0.000000000000000000e+00,4.300000000000000000e+01,8.770694720581261095e+01,8.990454815350759077e+01,1.908402944657090927e+01
3.000000000000000000e+00,0.000000000000000000e+00,4.400000000000000000e+01,2.883809164299016814e+01,8.692466310933959051e+01,9.394135965769382324e+01
3.000000000000000000e+00,0.000000000000000000e+00,4.500000000000000000e+01,2.670000181503763770e+01,8.643782600676279060e+01,9.245014371164735678e+01
3.000000000000000000e+00,0.000000000000000000e+00,4.600000000000000000e+01,2.493285284811273073e+01,8.591571364587667858e+01,9.101242638877155855e+01
3.000000000000000000e+00,0.000000000000000000e+00,4.700000000000000000e+01,7.882798448614711617e+01,6.117232524466784582e+01,3.497911234979272876e+01
3.000000000000000000e+00,0.000000000000000000e+00,4.800000000000000000e+01,2.607402746394006243e+01,1.265157801322980902e+01,9.417619430007152914e+01
3.000000000000000000e+00,0.000000000000000000e+00,4.900000000000000000e+01,2.860428997125757533e+01,2.664457605427879372e+01,8.865522208039683605e+00
3.000000000000000000e+00,0.000000000000000000e+00,5.000000000000000000e+01,2.389166157134051716e+01,1.340354903042972268e+01,9.273431037991531412e+01
3.000000000000000000e+00,0.000000000000000000e+00,5.100000000000000000e+01,8.799469884413228726e+01,5.287265465659660890e+01,8.602615063290144803e+01
3.000000000000000000e+00,0.000000000000000000e+00,5.200000000000000000e+01,8.987845075111579263e+01,4.826365860063492619e+01,8.562197499329531070e+01
3.000000000000000000e+00,0.000000000000000000e+00,5.300000000000000000e+01,1.504664748674116659e+01,4.505262185763994864e+01,9.486749749436073742e+00
3.000000000000000000e+00,0.000000000000000000e+00,5.400000000000000000e+01,9.134367193456057521e+01,4.008827034197400963e+01,8.520242766228894027e+01
3.000000000000000000e+00,0.000000000000000000e+00,5.500000000000000000e+01,2.620397240221723578e+01,8.981680029278587085e+01,6.967020487545622132e+01
3.000000000000000000e+00,0.000000000000000000e+00,5.600000000000000000e+01,7.559800117717611734e+00,7.339970910595702058e+00,7.960994295024906364e+01
3.000000000000000000e+00,0.000000000000000000e+00,5.700000000000000000e+01,2.510950930434234962e+01,1.472683901934557760e+01,9.357467954513673192e+01
3.000000000000000000e+00,0.000000000000000000e+00,5.800000000000000000e+01,7.871543199493159193e+01,5.932120052520392761e+01,3.718171840965140973e+01
3.000000000000000000e+00,0.000000000000000000e+00,5.900000000000000000e+01,1.725117416443803720e+01,3.282476830626882247e+01,1.223800009513922227e+01
3.000000000000000000e+00,0.000000000000000000e+00,6.000000000000000000e+01,8.449066996994054080e+01,1.670705783015954182e+01,3.603535503737038681e+01
3.000000000000000000e+00,0.000000000000000000e+00,6.100000000000000000e+01,6.157819441013707973e+01,3.556386957499104540e+01,3.684482074826627951e+01
3.000000000000000000e+00,0.000000000000000000e+00,6.200000000000000000e+01,6.147885677882352518e+00,9.253801764683127828e+01,1.849813629505870338e+01
3.000000000000000000e+00,0.000000000000000000e+00,6.300000000000000000e+01,1.595951605330573564e+01,4.375503326288575323e+01,7.163217067893076440e+00
3.000000000000000000e+00,0.000000000000000000e+00,6.400000000000000000e+01,4.172768865080015388e+01,6.032720417688852876e+01,1.481372561158166334e+01
3.000000000000000000e+00,0.000000000000000000e+00,6.500000000000000000e+01,8.841061368825563704e+01,4.710697362536175348e+01,8.302980670841668598e+01
3.000000000000000000e+00,0.000000000000000000e+00,6.600000000000000000e+01,9.247850802499373302e+00,9.236444392302858830e+01,2.550020105522502334e+01
3.000000000000000000e+00,0.000000000000000000e+00,6.700000000000000000e+01,2.365397447101268824e+01,8.937607673893660376e+01,6.264237063844152686e+00
3.000000000000000000e+00,0.000000000000000000e+00,6.800000000000000000e+01,4.017642979437034256e+01,5.616754637362158320e+01,1.168293803862292002e+01
3.000000000000000000e+00,0.000000000000000000e+00,6.900000000000000000e+01,2.411189078447494083e+01,8.868917012103379705e+01,4.993469533202440580e+00
3.000000000000000000e+00,0.000000000000000000e+00,7.000000000000000000e+01,5.804093315096323202e+00,8.881433470816141096e+01,1.810364411527794104e+01
3.000000000000000000e+00,0.000000000000000000e+00,7.100000000000000000e+01,1.622773814683439397e+01,8.881090537641672711e+01,1.033625476502235330e+01
3.000000000000000000e+00,0.000000000000000000e+00,7.200000000000000000e+01,8.578789514847299813e+01,9.058828765027561758e+01,2.286184754360039051e+01
3.000000000000000000e+00,0.000000000000000000e+00,7.300000000000000000e+01,1.950616663559258512e+01,4.613553533646349081e+01,6.853090000689756600e+00
3.000000000000000000e+00,0.000000000000000000e+00,7.400000000000000000e+01,2.059336816699255834e+01,8.853676151840228670e+01,6.507183362269163496e+00
3.000000000000000000e+00,0.000000000000000000e+00,7.500000000000000000e+01,7.535488067765867015e+01,6.182445544006610305e+01,3.342091091213680443e+01
3.000000000000000000e+00,0.000000000000000000e+00,7.600000000000000000e+01,1.475619539060950913e+01,7.201216455249979731e+01,4.809890281496996778e+01
3.000000000000000000e+00,0.000000000000000000e+00,7.700000000000000000e+01,1.089823744107079584e+01,8.972694287200336305e+01,2.515092075062337074e+01
3.000000000000000000e+00,0.000000000000000000e+00,7.800000000000000000e+01,2.163767238913057867e+01,8.445976509995553272e+01,9.318739553305155354e+00
3.000000000000000000e+00,0.000000000000000000e+00,7.900000000000000000e+01,5.607204411952071865e+01,9.061803320976098419e+00,4.967758402557534936e+01
3.000000000000000000e+00,0.000000000000000000e+00,8.000000000000000000e+01,1.742842473665146130e+01,4.395537421993783056e+01,1.143132158992994540e+01
3.000000000000000000e+00,0.000000000000000000e+00,8.100000000000000000e+01,6.432496885499203643e+01,3.489885854146776722e+01,3.809837618929615388e+01
3.000000000000000000e+00,0.000000000000000000e+00,8.200000000000000000e+01,1.098279296897269397e+01,5.477211107349132746e+00,7.726915909242821101e+01
3.000000000000000000e+00,0.000000000000000000e+00,8.300000000000000000e+01,8.509684649473938123e+01,4.054334632768410529e+01,7.974545446734440191e+01
3.000000000000000000e+00,0.000000000000000000e+00,8.400000000000000000e+01,1.660116549279878484e+01,4.276141590015502203e+01,9.681818717796103257e+00
3.000000000000000000e+00,0.000000000000000000e+00,8.500000000000000000e+01,1.275899807578564449e+01,4.437164222898822885e+01,6.205524932105283398e+01
3.000000000000000000e+00,0.000000000000000000e+00,8.600000000000000000e+01,8.431981647259236823e+00,9.171181962021537970e+01,1.974497166501078382e+01
3.000000000000000000e+00,0.000000000000000000e+00,8.700000000000000000e+01,8.521379563052369122e+01,1.445654586531528807e+01,3.407583929088075791e+01
3.000000000000000000e+00,0.000000000000000000e+00,8.800000000000000000e+01,2.395848476936156146e+01,1.740665200321084072e+01,9.011899771941064330e+01
3.000000000000000000e+00,0.000000000000000000e+00,8.900000000000000000e+01,5.594237183554785275e+01,9.629631028141492521e+00,4.762495287262085952e+01
3.000000000000000000e+00,0.000000000000000000e+00,9.000000000000000000e+01,1.306563733032827201e+01,8.696413916064926752e+01,1.569663409842418567e+01
3.000000000000000000e+00,0.000000000000000000e+00,9.100000000000000000e+01,9.376327586811704862e+00,5.081068035197434796e+01,6.235848652093073241e+01
3.000000000000000000e+00,0.000000000000000000e+00,9.200000000000000000e+01,1.791425569114213445e+01,4.495334607164949858e+01,7.860105057810628182e+00
3.000000000000000000e+00,0.000000000000000000e+00,9.300000000000000000e+01,2.397889110230670084e+01,1.094759007809096119e+01,9.485863492139634445e+01
3.000000000000000000e+00,0.000000000000000000e+00,9.400000000000000000e+01,1.217822621181374387e+01,7.335287522045062758e+01,4.907066206002525632e+01
3.000000000000000000e+00,0.000000000000000000e+00,9.500000000000000000e+01,2.963946610983703067e+01,9.270571756833956556e+01,7.407483571980716874e+01
3.000000000000000000e+00,0.000000000000000000e+00,9.600000000000000000e+01,5.950323535848811218e+01,8.258990585521577543e+01,1.538144092251789452e+01
3.000000000000000000e+00,0.000000000000000000e+00,9.700000000000000000e+01,2.248553702957734757e+01,8.901392384435268923e+01,8.338634564523445647e+00
3.000000000000000000e+00,0.000000000000000000e+00,9.800000000000000000e+01,2.541163317073395334e+01,2.542758427808213995e+01,9.857261420670186070e+00
3.000000000000000000e+00,0.000000000000000000e+00,9.900000000000000000e+01,5.863826433865062882e+01,8.041507438064786584e+01,1.612111147213275686e+01
3.000000000000000000e+00,0.000000000000000000e+00,1.000000000000000000e+02,6.874881410958556671e+01,8.309299200383384232e+01,4.750047855059170843e+01
3.000000000000000000e+00,0.000000000000000000e+00,1.010000000000000000e+02,1.352321446250863524e+01,2.511325395488561085e+01,1.359593122411365940e+01
3.000000000000000000e+00,0.000000000000000000e+00,1.020000000000000000e+02,1.897014561697075408e+01,7.562366222016360950e+01,4.822108025694303279e+01
3.000000000000000000e+00,0.000000000000000000e+00,1.030000000000000000e+02,8.147458028917661466e+00,9.545328503650472030e+00,8.023154816865573480e+01
3.000000000000000000e+00,0.000000000000000000e+00,1.040000000000000000e+02,9.032525949640309193e+01,4.148125312925171926e+01,8.451469840618992180e+01
3.000000000000000000e+00,0.000000000000000000e+00,1.050000000000000000e+02,2.565313389679578648e+01,8.625565986865090906e+01,9.417042067444636899e+00
3.000000000000000000e+00,0.000000000000000000e+00,1.060000000000000000e+02,7.900991900851821015e+01,6.308399302476099990e+01,3.127252851852026083e+01
3.000000000000000000e+00,0.000000000000000000e+00,1.070000000000000000e+02,2.173446707035335379e+01,1.191531412842649296e+01,9.459611558420348842e+01
3.000000000000000000e+00,0.000000000000000000e+00,1.080000000000000000e+02,2.215934147254431608e+01,1.836044960199174625e+01,9.187000219910673948e+00
3.000000000000000000e+00,0.000000000000000000e+00,1.090000000000000000e+02,2.352426789171813581e+01,8.560568928743514050e+01,9.367226319111235000e+01
3.000000000000000000e+00,0.000000000000000000e+00,1.100000000000000000e+02,1.178907473180458254e+01,4.797958203040032288e+01,6.092727432816470667e+01
3.000000000000000000e+00,0.000000000000000000e+00,1.110000000000000000e+02,2.125702316087266652e+01,1.535224633639077396e+01,8.305189580264913829e+00
3.000000000000000000e+00,0.000000000000000000e+00,1.120000000000000000e+02,6.040583830295393142e+01,8.168263279439342739e+01,1.639361929314280175e+01
3.000000000000000000e+00,0.000000000000000000e+00,1.130000000000000000e+02,1.203025393016744893e+01,8.609057458584348410e+01,1.049552147054101425e+01
3.000000000000000000e+00,0.000000000000000000e+00,1.140000000000000000e+02,1.638861362650693820e+01,2.403303598093682680e+01,1.207858230114678832e+01
3.000000000000000000e+00,0.000000000000000000e+00,1.150000000000000000e+02,1.609705165774476399e+01,3.059417362022450604e+01,1.058288835266524508e+01
3.000000000000000000e+00,0.000000000000000000e+00,1.160000000000000000e+02,1.051050247161403028e+01,7.754897290178205616e+00,7.860291906786645200e+01
3.000000000000000000e+00,0.000000000000000000e+00,1.170000000000000000e+02,2.798853703045878660e+01,1.071809369573700721e+01,9.172316523704972724e+01
3.000000000000000000e+00,0.000000000000000000e+00,1.180000000000000000e+02,1.864165368454811045e+01,7.229950715340339684e+01,4.840063425653701046e+01
3.000000000000000000e+00,0.000000000000000000e+00,1.190000000000000000e+02,6.402504692719989521e+01,3.794906462442705219e+01,3.528610753789715915e+01
3.000000000000000000e+00,0.000000000000000000e+00,1.200000000000000000e+02,1.410579109178921087e+01,8.720507439010363271e+01,9.186273146744394325e+00
3.000000000000000000e+00,0.000000000000000000e+00,1.210000000000000000e+02,1.287763933828566998e+01,8.800998458544012237e+01,1.276502433385890356e+01
3.000000000000000000e+00,0.000000000000000000e+00,1.220000000000000000e+02,1.123943099299688519e+01,9.041954619065023735e+01,2.937301974270351224e+01
3.000000000000000000e+00,0.000000000000000000e+00,1.230000000000000000e+02,9.094587358912599484e+01,3.998352229177638151e+01,8.354104968502852557e+01
3.000000000000000000e+00,0.000000000000000000e+00,1.240000000000000000e+02,8.326579992193589419e+01,5.381995979658485396e+01,8.130221493536740240e+01
3.000000000000000000e+00,0.000000000000000000e+00,1.250000000000000000e+02,7.117647543900967833e+01,5.822430157307761789e+01,3.482840370105559202e+01
3.000000000000000000e+00,0.000000000000000000e+00,1.260000000000000000e+02,8.586124779643583338e+00,4.737891758920322616e+01,6.212134863557009368e+01
3.000000000000000000e+00,0.000000000000000000e+00,1.270000000000000000e+02,1.227438695079453090e+01,5.242124820782559169e+01,5.862924337034843347e+01
3.000000000000000000e+00,0.000000000000000000e+00,1.280000000000000000e+02,1.003250134581802300e+01,9.321724225643440320e+01,2.339488065229543423e+01
3.000000000000000000e+00,0.000000000000000000e+00,1.290000000000000000e+02,6.338358947363255425e+01,8.362562072772524857e+01,1.719199049686957537e+01
3.000000000000000000e+00,0.000000000000000000e+00,1.300000000000000000e+02,7.795489630410873616e+00,9.222816916685789579e+01,2.244627770982150849e+01
3.000000000000000000e+00,0.000000000000000000e+00,1.310000000000000000e+02,2.572627232814567222e+01,2.993061764499942257e+01,9.055932752058941659e+00
3.000000000000000000e+00,0.000000000000000000e+00,1.320000000000000000e+02,2.310207326263157412e+01,1.029021264779698619e+01,6.442252577831328608e+01
3.000000000000000000e+00,0.000000000000000000e+00,1.330000000000000000e+02,1.484437046736869625e+01,1.966778152240593514e+01,8.062871680753506354e+00
3.000000000000000000e+00,0.000000000000000000e+00,1.340000000000000000e+02,7.092758094137700198e+01,6.269695956084576949e+01,3.560856114132918293e+01
3.000000000000000000e+00,0.000000000000000000e+00,1.350000000000000000e+02,1.764572998028760509e+01,8.940264435753620376e+01,7.219037009061002763e+00
3.000000000000000000e+00,0.000000000000000000e+00,1.360000000000000000e+02,2.772276475849391630e+01,9.246761831385718722e+01,7.128581742970560242e+01
3.000000000000000000e+00,0.000000000000000000e+00,1.370000000000000000e+02,6.163120159145960741e+01,8.327989854125652869e+01,1.488646219599723075e+01
3.000000000000000000e+00,0.000000000000000000e+00,1.380000000000000000e+02,2.159653117559870950e+01,1.527877471774138840e+01,9.317123917038820480e+01
3.000000000000000000e+00,0.000000000000000000e+00,1.390000000000000000e+02,2.405616580453644460e+01,1.589580787241659188e+01,8.529277991415799676e+00
3.000000000000000000e+00,0.000000000000000000e+00,1.400000000000000000e+02,2.192185973271325139e+01,8.639446103455196635e+01,9.382141757415769234e+01
3.000000000000000000e+00,0.000000000000000000e+00,1.410000000000000000e+02,8.766966504129008797e+00,4.813822440789774504e+01,5.684021897155805902e+01
3.000000000000000000e+00,0.000000000000000000e+00,1.420000000000000000e+02,8.616763033488612678e+01,4.684222000356866289e+01,8.069724182567087212e+01
3.000000000000000000e+00,0.000000000000000000e+00,1.430000000000000000e+02,7.267015080721184006e+01,6.360402768477188573e+01,3.145534839802555283e+01
3.000000000000000000e+00,0.000000000000000000e+00,1.440000000000000000e+02,8.399868932641909680e+01,1.285949804141460362e+01,3.340968951218292204e+01
3.000000000000000000e+00,0.000000000000000000e+00,1.450000000000000000e+02,6.548875179637204269e+01,8.070192557121414723e+01,4.574352863914493383e+01
3.000000000000000000e+00,0.000000000000000000e+00,1.460000000000000000e+02,2.974644828783474537e+01,1.417147696968555692e+01,9.347323894767951913e+01
3.000000000000000000e+00,0.000000000000000000e+00,1.470000000000000000e+02,8.338129501809143918e+00,7.732574680571111969e+01,5.025840313514657964e+01
3.000000000000000000e+00,0.000000000000000000e+00,1.480000000000000000e+02,2.803402063341140149e+01,1.037617781853366772e+01,6.333858402288947076e+01
3.000000000000000000e+00,0.000000000000000000e+00,1.490000000000000000e+02,2.001824482500436986e+01,8.927784868840366528e+01,8.398025479355499812e+00
3.000000000000000000e+00,0.000000000000000000e+00,1.500000000000000000e+02,2.360136749989133165e+01,1.668329415610126887e+01,9.441049173989173937e+01
3.000000000000000000e+00,0.000000000000000000e+00,1.510000000000000000e+02,8.256814925942094874e+01,1.443631342293466879e+01,3.342562214054990477e+01
3.000000000000000000e+00,0.000000000000000000e+00,1.520000000000000000e+02,2.103288313664125653e+01,8.562794712141111120e+01,9.332862736662646341e+01
3.000000000000000000e+00,0.000000000000000000e+00,1.530000000000000000e+02,1.615251144050603571e+01,7.752064795587955359e+01,4.875632268524419288e+01
3.000000000000000000e+00,0.000000000000000000e+00,1.540000000000000000e+02,1.448295762351005855e+01,7.912988758258181576e+01,4.544275251611354349e+01
3.000000000000000000e+00,0.000000000000000000e+00,1.550000000000000000e+02,8.445235883610706651e+01,5.357266523910487876e+01,8.507689858758536161e+01
3.000000000000000000e+00,0.000000000000000000e+00,1.560000000000000000e+02,1.673484230218662816e+01,1.780553197037159308e+01,8.304638367941963750e+00
3.000000000000000000e+00,0.000000000000000000e+00,1.570000000000000000e+02,1.039202872001575351e+01,8.877479613826868388e+01,1.753058634766634682e+01
3.000000000000000000e+00,0.000000000000000000e+00,1.580000000000000000e+02,7.279773765074849301e+00,8.035485707267849165e+00,8.208504795168066437e+01
3.000000000000000000e+00,0.000000000000000000e+00,1.590000000000000000e+02,2.155919326627619625e+01,2.749772243789203685e+01,1.296063851182309179e+01
3.000000000000000000e+00,0.000000000000000000e+00,1.600000000000000000e+02,5.277743997353174166e+01,1.352842005911852752e+01,4.742179352361905131e+01
3.000000000000000000e+00,0.000000000000000000e+00,1.610000000000000000e+02,2.170888122361722594e+01,8.815937092788057328e+01,4.836742064502288052e+00
3.000000000000000000e+00,0.000000000000000000e+00,1.620000000000000000e+02,1.634620318758799229e+01,7.405931394978912863e+01,4.663915716774324949e+01
3.000000000000000000e+00,0.000000000000000000e+00,1.630000000000000000e+02,8.987811660314736173e+01,4.313236188647679370e+01,8.398445250860964961e+01
3.000000000000000000e+00,0.000000000000000000e+00,1.640000000000000000e+02,2.553933645664696428e+01,1.156995978589728580e+01,9.275276174673990681e+01
3.000000000000000000e+00,0.000000000000000000e+00,1.650000000000000000e+02,5.335079640192268613e+01,8.301835918675802617e+00,4.878388002267087131e+01
3.000000000000000000e+00,0.000000000000000000e+00,1.660000000000000000e+02,7.475372843997953964e+01,5.791533726869151621e+01,3.859480699462081787e+01
3.000000000000000000e+00,0.000000000000000000e+00,1.670000000000000000e+02,1.546321517759544228e+01,3.018602081660238312e+01,1.429412978792416844e+01
3.000000000000000000e+00,0.000000000000000000e+00,1.680000000000000000e+02,5.576733325775111183e+01,6.321508728157649415e+00,4.891536356797723784e+01
3.000000000000000000e+00,0.000000000000000000e+00,1.690000000000000000e+02,1.166108434390610782e+01,8.810699296581059059e+01,7.007481538341377103e+00
3.000000000000000000e+00,0.000000000000000000e+00,1.700000000000000000e+02,1.873454428642187963e+01,2.767755084939804178e+01,1.064070919931518944e+01
3.000000000000000000e+00,0.000000000000000000e+00,1.710000000000000000e+02,8.226619162930425944e+00,8.749432790555790973e+01,3.366426041193120966e+01
3.000000000000000000e+00,0.000000000000000000e+00,1.720000000000000000e+02,1.230250808860900769e+01,9.020873161686608910e+01,3.386103192778269744e+01
3.000000000000000000e+00,0.000000000000000000e+00,1.730000000000000000e+02,2.521539297888493181e+01,9.242174616913665375e+01,7.123545222096828411e+01
3.000000000000000000e+00,0.000000000000000000e+00,1.740000000000000000e+02,6.258179248941153361e+01,8.234618311505938948e+01,1.908369900359519278e+01
3.000000000000000000e+00,0.000000000000000000e+00,1.750000000000000000e+02,8.535186445032633173e+01,4.977086152423097332e+01,8.335815696515288664e+01
3.000000000000000000e+00,0.000000000000000000e+00,1.760000000000000000e+02,6.700415690638489252e+01,8.318589701984608098e+01,4.752540991755411426e+01
3.000000000000000000e+00,0.000000000000000000e+00,1.770000000000000000e+02,5.996699620421030374e+01,3.737199713026735282e+01,3.549846959170395166e+01
3.000000000000000000e+00,0.000000000000000000e+00,1.780000000000000000e+02,8.078074797294153342e+00,4.489968938022177980e+01,5.899281685736793435e+01
3.000000000000000000e+00,0.000000000000000000e+00,1.790000000000000000e+02,7.930038025648332223e+01,1.682736915343541284e+01,3.219550304738986313e+01
3.000000000000000000e+00,0.000000000000000000e+00,1.800000000000000000e+02,2.054964480782287950e+01,9.607116916079545987e+00,6.147855299969869236e+01
3.000000000000000000e+00,0.000000000000000000e+00,1.810000000000000000e+02,1.992895325355843283e+01,1.777155651026068739e+01,7.539734947096386364e+00
3.000000000000000000e+00,0.000000000000000000e+00,1.820000000000000000e+02,2.517551133936883190e+01,8.665237659656088454e+01,9.398072638950046098e+01
3.000000000000000000e+00,0.000000000000000000e+00,1.830000000000000000e+02,7.372912791900322560e+00,5.023218623132939342e+01,5.881021049253141086e+01
3.000000000000000000e+00,0.000000000000000000e+00,1.840000000000000000e+02,1.366222092654860631e+01,1.787600507655706394e+01,5.653952715270284202e+00
3.000000000000000000e+00,0.000000000000000000e+00,1.850000000000000000e+02,1.763880771587864160e+01,7.674402222301436893e+01,4.362771802898327422e+01
3.000000000000000000e+00,0.000000000000000000e+00,1.860000000000000000e+02,1.870600496084733066e+01,1.334749058192741344e+01,9.150019588359139533e+00
3.000000000000000000e+00,0.000000000000000000e+00,1.870000000000000000e+02,1.408399232431749581e+01,2.317927518561521794e+01,1.064011865208516916e+01
3.000000000000000000e+00,0.000000000000000000e+00,1.880000000000000000e+02,6.142136987618728838e+00,5.105680855212776947e+01,6.419805389140798013e+01
3.000000000000000000e+00,0.000000000000000000e+00,1.890000000000000000e+02,8.706595509538998101e+01,4.384775228601687047e+01,8.224378505810283002e+01
3.000000000000000000e+00,0.000000000000000000e+00,1.900000000000000000e+02,8.142758948559236387e+01,5.989278706275986508e+01,3.257290167884294618e+01
3.000000000000000000e+00,0.000000000000000000e+00,1.910000000000000000e+02,8.994648694792967092e+01,3.860550723076908497e+01,8.460589164771687365e+01
3.000000000000000000e+00,0.000000000000000000e+00,1.920000000000000000e+02,1.113253438936020423e+01,9.184017248365283592e+01,2.145196004211613072e+01
3.000000000000000000e+00,0.000000000000000000e+00,1.930000000000000000e+02,1.929089887195145181e+01,8.637976549082739552e+01,9.432526217964645809e+01
3.000000000000000000e+00,0.000000000000000000e+00,1.940000000000000000e+02,8.612505040104041143e+01,9.161495786245934880e+01,1.925961940514583759e+01
3.000000000000000000e+00,0.000000000000000000e+00,1.950000000000000000e+02,1.252001898942888758e+01,7.737476657008799918e+01,5.064175314879284429e+01
3.000000000000000000e+00,0.000000000000000000e+00,1.960000000000000000e+02,2.314554176504276128e+01,2.611147003731740313e+01,1.062802088787439736e+01
3.000000000000000000e+00,0.000000000000000000e+00,1.970000000000000000e+02,8.383387097940980937e+01,1.618660670429634507e+01,3.247621303853607344e+01
3.000000000000000000e+00,0.000000000000000000e+00,1.980000000000000000e+02,8.270781613193784665e+01,4.293418904893201216e+01,8.331345474752394864e+01
3.000000000000000000e+00,0.000000000000000000e+00,1.990000000000000000e+02,8.803437672458760233e+01,3.966549512621887175e+01,8.439228330819040025e+01
4.000000000000000000e+00,0.000000000000000000e+00,0.000000000000000000e+00,3.817755496310270757e+01,3.255439062565206854e+01,7.579096823977384645e+01
4.000000000000000000e+00,0.000000000000000000e+00,1.000000000000000000e+00,9.164934062785791369e+00,9.317898613735110303e+01,1.659721057704556557e+01
4.000000000000000000e+00,0.000000000000000000e+00,2.000000000000000000e+00,9.060740487365944773e+01,9.193247692013537176e+01,6.135842426246370707e+01
4.000000000000000000e+00,0.000000000000000000e+00,3.000000000000000000e+00,4.663844629340318448e+01,8.197448559663015999e+01,9.285692176637554951e+01
4.000000000000000000e+00,0.000000000000000000e+00,4.000000000000000000e+00,1.479654809327204745e+01,6.691772371402583985e+01,9.165284616426653486e+01
4.000000000000000000e+00,0.000000000000000000e+00,5.000000000000000000e+00,6.436223366024607984e+00,7.572703534108774193e+01,8.806307700887569467e+01
4.000000000000000000e+00,0.000000000000000000e+00,6.000000000000000000e+00,9.060620019884129306e+01,5.411246818589978602e+01,5.321394548204207098e+01
4.000000000000000000e+00,0.000000000000000000e+00,7.000000000000000000e+00,8.060165149917633443e+00,7.595346622125669001e+01,9.273656645400581056e+01
4.000000000000000000e+00,0.000000000000000000e+00,8.000000000000000000e+00,3.455509391539284536e+01,9.015391392589731367e+01,6.913082831534012485e+01
4.000000000000000000e+00,0.000000000000000000e+00,9.000000000000000000e+00,9.178874458982212658e+00,8.080697151980515969e+01,7.038113873067720760e+01
4.000000000000000000e+00,0.000000000000000000e+00,1.000000000000000000e+01,1.967848953426329928e+01,6.506875717729839437e+01,9.445651970514413165e+01
4.000000000000000000e+00,0.000000000000000000e+00,1.100000000000000000e+01,7.821464094573045145e+00,7.547717536009386663e+01,6.987119543812458744e+01
4.000000000000000000e+00,0.000000000000000000e+00,1.200000000000000000e+01,1.211908934510372049e+01,3.448809948309234130e+01,3.181410300678220082e+01
4.000000000000000000e+00,0.000000000000000000e+00,1.300000000000000000e+01,1.106513657005312723e+01,7.748686018181528823e+01,9.400160132630544751e+01
4.000000000000000000e+00,0.000000000000000000e+00,1.400000000000000000e+01,6.972593643795083551e+01,5.973561379578168840e+01,8.374794406580211614e+01
4.000000000000000000e+00,0.000000000000000000e+00,1.500000000000000000e+01,9.129926285537311514e+01,9.386625780262836827e+01,6.422319063457506161e+01
4.000000000000000000e+00,0.000000000000000000e+00,1.600000000000000000e+01,3.890520148093941799e+01,1.745187757677652840e+01,5.538548153314151534e+01
4.000000000000000000e+00,0.000000000000000000e+00,1.700000000000000000e+01,7.479533363575829696e+01,6.048550647532383806e+01,8.652010768251975037e+01
4.000000000000000000e+00,0.000000000000000000e+00,1.800000000000000000e+01,9.429495779582698844e+01,1.185088618801949778e+01,9.740438950871563861e+00
4.000000000000000000e+00,0.000000000000000000e+00,1.900000000000000000e+01,1.573322627261325302e+01,7.962524366248189267e+01,3.844927092313005801e+01
4.000000000000000000e+00,0.000000000000000000e+00,2.000000000000000000e+01,1.506210520962105903e+01,4.202694357288381610e+01,3.817905653198330640e+01
4.000000000000000000e+00,0.000000000000000000e+00,2.100000000000000000e+01,1.463260354655971440e+01,6.438858475165190498e+01,9.234401943821718817e+01
4.000000000000000000e+00,0.000000000000000000e+00,2.200000000000000000e+01,4.006914032234102763e+01,3.284388163136048888e+01,7.319810590604103595e+01
4.000000000000000000e+00,0.000000000000000000e+00,2.300000000000000000e+01,3.920849892665511049e+01,1.834552101236718258e+01,5.876101174751442358e+01
4.000000000000000000e+00,0.000000000000000000e+00,2.400000000000000000e+01,1.674535774222627893e+01,6.123150573605379066e+01,9.339906206798691812e+01
4.000000000000000000e+00,0.000000000000000000e+00,2.500000000000000000e+01,1.934262074986472868e+01,6.831112379263072398e+01,9.420446482939570387e+01
4.000000000000000000e+00,0.000000000000000000e+00,2.600000000000000000e+01,8.193769850750067363e+00,9.388550649410078108e+01,1.661173004742524739e+01
4.000000000000000000e+00,0.000000000000000000e+00,2.700000000000000000e+01,6.375540464296267196e+00,7.630096636088499906e+01,9.472374079762100507e+01
4.000000000000000000e+00,0.000000000000000000e+00,2.800000000000000000e+01,7.461613896977775084e+01,5.156229321878976890e+01,7.443725807603763656e+01
4.000000000000000000e+00,0.000000000000000000e+00,2.900000000000000000e+01,9.367219943374441016e+01,9.134084549733472613e+01,6.216133849381381538e+01
4.000000000000000000e+00,0.000000000000000000e+00,3.000000000000000000e+01,4.363922962141725748e+01,8.617241653460646944e+01,9.227566528519072619e+01
4.000000000000000000e+00,0.000000000000000000e+00,3.100000000000000000e+01,9.137645692830055566e+01,9.375402686580777356e+00,4.688003480984425764e+00
4.000000000000000000e+00,0.000000000000000000e+00,3.200000000000000000e+01,8.271202877544854459e+01,4.696493146710674438e+01,7.515654931723138077e+01
4.000000000000000000e+00,0.000000000000000000e+00,3.300000000000000000e+01,1.745632452111217248e+01,7.654716289633837789e+01,3.961258492918589980e+01
4.000000000000000000e+00,0.000000000000000000e+00,3.400000000000000000e+01,1.065524466431565287e+01,8.953641232633977154e+01,1.618578053961537933e+01
4.000000000000000000e+00,0.000000000000000000e+00,3.500000000000000000e+01,9.274483898905816659e+01,1.222212141599262125e+01,4.559275235600078524e+00
4.000000000000000000e+00,0.000000000000000000e+00,3.600000000000000000e+01,8.590425275013451767e+00,7.890785495310230147e+01,9.187693747986423887e+01
4.000000000000000000e+00,0.000000000000000000e+00,3.700000000000000000e+01,1.325724232526512303e+01,8.013771792322980048e+01,4.016798293581371837e+01
4.000000000000000000e+00,0.000000000000000000e+00,3.800000000000000000e+01,8.010662882672593810e+01,5.026993852337975000e+01,7.605712850500107436e+01
4.000000000000000000e+00,0.000000000000000000e+00,3.900000000000000000e+01,3.908446973998245966e+01,1.534677049483696365e+01,5.865172210339765257e+01
4.000000000000000000e+00,0.000000000000000000e+00,4.000000000000000000e+01,8.129169959748677954e+00,7.147743423312996924e+01,8.880582535575335612e+01
4.000000000000000000e+00,0.000000000000000000e+00,4.100000000000000000e+01,6.803948139144987195e+00,7.424580354050935682e+01,8.349836899661562484e+01
4.000000000000000000e+00,0.000000000000000000e+00,4.200000000000000000e+01,1.298247392749852835e+01,3.822428172415793313e+01,3.621145852806422027e+01
4.000000000000000000e+00,0.000000000000000000e+00,4.300000000000000000e+01,1.474789353963581640e+01,5.421085712840730508e+01,4.774571263592977743e+01
4.000000000000000000e+00,0.000000000000000000e+00,4.400000000000000000e+01,9.010471097994481227e+01,1.214853411327570143e+01,7.617590636560283457e+00
4.000000000000000000e+00,0.000000000000000000e+00,4.500000000000000000e+01,7.922225672000379859e+01,5.219541941688635234e+01,7.321301907125567254e+01
4.000000000000000000e+00,0.000000000000000000e+00,4.600000000000000000e+01,3.368289152901019179e+01,8.964942771906892460e+01,7.252396777084430823e+01
4.000000000000000000e+00,0.000000000000000000e+00,4.700000000000000000e+01,3.372280126852317039e+01,2.022081064813905371e+01,5.483389444722182304e+01
4.000000000000000000e+00,0.000000000000000000e+00,4.800000000000000000e+01,1.626598731396656916e+01,4.409256012345618103e+01,4.480145716863984262e+01
4.000000000000000000e+00,0.000000000000000000e+00,4.900000000000000000e+01,9.944575448659710659e+00,7.768232535767653246e+01,8.080546550136052986e+01
4.000000000000000000e+00,0.000000000000000000e+00,5.000000000000000000e+01,6.742009653618507059e+01,6.283909948052922800e+01,8.342667120196469455e+01
4.000000000000000000e+00,0.000000000000000000e+00,5.100000000000000000e+01,3.488265494567018266e+01,8.855193742840488369e+01,7.448828786813990632e+01
4.000000000000000000e+00,0.000000000000000000e+00,5.200000000000000000e+01,1.640808448557711330e+01,7.057240262822044485e+01,9.466204885075816833e+01
4.000000000000000000e+00,0.000000000000000000e+00,5.300000000000000000e+01,7.121825812939758293e+01,5.430681549977028766e+01,7.597175289210798610e+01
4.000000000000000000e+00,0.000000000000000000e+00,5.400000000000000000e+01,1.481414567003118599e+01,5.247449235583327720e+01,4.486163138616208812e+01
4.000000000000000000e+00,0.000000000000000000e+00,5.500000000000000000e+01,7.215711006629663871e+01,5.820476936138442170e+01,8.335764264783979627e+01
4.000000000000000000e+00,0.000000000000000000e+00,5.600000000000000000e+01,1.418987224162951755e+01,4.590953452555027781e+01,4.693326519937850350e+01
4.000000000000000000e+00,0.000000000000000000e+00,5.700000000000000000e+01,7.199833249594715312e+01,5.760313242999771433e+01,7.809970102694771299e+01
4.000000000000000000e+00,0.000000000000000000e+00,5.800000000000000000e+01,9.323339239186672955e+01,9.156737884100648728e+01,6.439725504363477171e+01
4.000000000000000000e+00,0.000000000000000000e+00,5.900000000000000000e+01,7.182415508900719203e+01,5.906717846667515204e+01,8.604590680447340389e+01
4.000000000000000000e+00,0.000000000000000000e+00,6.000000000000000000e+01,1.761910940053033414e+01,4.356261847540127974e+01,4.188882016660571139e+01
4.000000000000000000e+00,0.000000000000000000e+00,6.100000000000000000e+01,8.451563486740630182e+00,3.885926257153577268e+01,8.149976357195288301e+01
4.000000000000000000e+00,0.000000000000000000e+00,6.200000000000000000e+01,3.156620682123956811e+01,1.453538442392637009e+01,5.806173157301360988e+01
4.000000000000000000e+00,0.000000000000000000e+00,6.300000000000000000e+01,4.305592125273799553e+01,3.669634424340104317e+01,7.129967232896410678e+01
4.000000000000000000e+00,0.000000000000000000e+00,6.400000000000000000e+01,9.044138932276794662e+00,9.375532486811351873e+01,1.539166815202721494e+01
4.000000000000000000e+00,0.000000000000000000e+00,6.500000000000000000e+01,9.126455769375128568e+01,1.144406392402786210e+01,9.324371640722702637e+00
4.000000000000000000e+00,0.000000000000000000e+00,6.600000000000000000e+01,8.853388202946041474e+01,9.249103728470939245e+01,6.679052810364925108e+01
4.000000000000000000e+00,0.000000000000000000e+00,6.700000000000000000e+01,1.348310299892724196e+01,5.012085751085544416e+01,4.769992090624235459e+01
4.000000000000000000e+00,0.000000000000000000e+00,6.800000000000000000e+01,9.319743910102425843e+01,9.010455168694551276e+01,5.939915437541825582e+01
4.000000000000000000e+00,0.000000000000000000e+00,6.900000000000000000e+01,1.763556960369064441e+01,6.858137490717608387e+01,9.146936186300851546e+01
4.000000000000000000e+00,0.000000000000000000e+00,7.000000000000000000e+01,7.097891136101276288e+01,7.511897169411061270e+01,7.166073359318103542e+01
4.000000000000000000e+00,0.000000000000000000e+00,7.100000000000000000e+01,7.080673727980025944e+01,7.654176102123439307e+01,6.851013615070645812e+01
4.000000000000000000e+00,0.000000000000000000e+00,7.200000000000000000e+01,9.077979435261549668e+01,5.354165185805324256e+01,5.591367684797260296e+01
4.000000000000000000e+00,0.000000000000000000e+00,7.300000000000000000e+01,7.524489277456095415e+00,9.362999609355318853e+01,1.758690057166339571e+01
4.000000000000000000e+00,0.000000000000000000e+00,7.400000000000000000e+01,5.897987657986686116e+00,7.488597182681564846e+01,9.130078338002488181e+01
4.000000000000000000e+00,0.000000000000000000e+00,7.500000000000000000e+01,1.694863096300510819e+01,6.695466884595863633e+01,9.393922154637776600e+01
4.000000000000000000e+00,0.000000000000000000e+00,7.600000000000000000e+01,4.649957718870192735e+01,8.446981345906895911e+01,9.107522914489895527e+01
4.000000000000000000e+00,0.000000000000000000e+00,7.700000000000000000e+01,1.030605265233742962e+01,7.756281104545124094e+01,7.241491216997103209e+01
4.000000000000000000e+00,0.000000000000000000e+00,7.800000000000000000e+01,3.971646938211191724e+01,3.550552616372922188e+01,7.753029997941546014e+01
4.000000000000000000e+00,0.000000000000000000e+00,7.900000000000000000e+01,1.245998814662081955e+01,5.071681060187437851e+01,4.141220928330704965e+01
4.000000000000000000e+00,0.000000000000000000e+00,8.000000000000000000e+01,1.399602383900202618e+01,7.541820382255669131e+01,3.857538525279228736e+01
4.000000000000000000e+00,0.000000000000000000e+00,8.100000000000000000e+01,6.797902496759317614e+01,5.931611206219354671e+01,7.985190834082131062e+01
4.000000000000000000e+00,0.000000000000000000e+00,8.200000000000000000e+01,1.361912808794577145e+01,6.975396746442228846e+01,8.973497199143915282e+01
4.000000000000000000e+00,0.000000000000000000e+00,8.300000000000000000e+01,8.518234213237145980e+01,4.663634798785660962e+01,7.620610755940820980e+01
4.000000000000000000e+00,0.000000000000000000e+00,8.400000000000000000e+01,9.082134997561101386e+01,5.487841939342987985e+01,5.495190932654914917e+01
4.000000000000000000e+00,0.000000000000000000e+00,8.500000000000000000e+01,7.285210938767778543e+01,4.326353063097096907e+01,4.067663916092904230e+01
4.000000000000000000e+00,0.000000000000000000e+00,8.600000000000000000e+01,1.184086286258346732e+01,3.979125830787457829e+01,8.116985674386859273e+01
4.000000000000000000e+00,0.000000000000000000e+00,8.700000000000000000e+01,9.349233382958023242e+01,8.963272161851995179e+01,5.439618491188021210e+01
4.000000000000000000e+00,0.000000000000000000e+00,8.800000000000000000e+01,9.042322430979628223e+01,8.940776494330809498e+01,5.611527247676200858e+01
4.000000000000000000e+00,0.000000000000000000e+00,8.900000000000000000e+01,2.202826363107606511e+01,7.114348665995053977e+01,9.047816986028919928e+01
4.000000000000000000e+00,0.000000000000000000e+00,9.000000000000000000e+01,3.801421166325930301e+01,1.155821152768612770e+01,6.046413421025896184e+01
4.000000000000000000e+00,0.000000000000000000e+00,9.100000000000000000e+01,9.093684661207841202e+01,5.210577972097932786e+01,5.436434584492948829e+01
4.000000000000000000e+00,0.000000000000000000e+00,9.200000000000000000e+01,7.533593365326791513e+01,4.030235109722688236e+01,4.097646213048408015e+01
4.000000000000000000e+00,0.000000000000000000e+00,9.300000000000000000e+01,7.165423353517014959e+01,6.236367207253681499e+01,8.612639518212547785e+01
4.000000000000000000e+00,0.000000000000000000e+00,9.400000000000000000e+01,7.518483128396107418e+01,5.621857985648404821e+01,7.449813624497477349e+01
4.000000000000000000e+00,0.000000000000000000e+00,9.500000000000000000e+01,7.941853691663482984e+00,3.751237243460654724e+01,7.651716340325165788e+01
4.000000000000000000e+00,0.000000000000000000e+00,9.600000000000000000e+01,1.036304478745064372e+01,9.424074261687140108e+01,1.641606882466905049e+01
4.000000000000000000e+00,0.000000000000000000e+00,9.700000000000000000e+01,3.705481852455488223e+01,1.329990040625804326e+01,5.796599903280138477e+01
4.000000000000000000e+00,0.000000000000000000e+00,9.800000000000000000e+01,1.805824037125175963e+01,4.022812376802743728e+01,4.609962592107209645e+01
4.000000000000000000e+00,0.000000000000000000e+00,9.900000000000000000e+01,4.261752824236828729e+01,3.146902320676627340e+01,7.591831086712062415e+01
4.000000000000000000e+00,0.000000000000000000e+00,1.000000000000000000e+02,9.295327107636195763e+01,1.329987986705004133e+01,7.685291027056159407e+00
4.000000000000000000e+00,0.000000000000000000e+00,1.010000000000000000e+02,1.069898029132335893e+01,8.140839542634739701e+01,3.929488177365310975e+01
4.000000000000000000e+00,0.000000000000000000e+00,1.020000000000000000e+02,5.172124792303285368e+00,7.899035935390533325e+01,9.321689020783463775e+01
4.000000000000000000e+00,0.000000000000000000e+00,1.030000000000000000e+02,8.666869288776848634e+01,4.946009261683943237e+01,7.552687908937983252e+01
4.000000000000000000e+00,0.000000000000000000e+00,1.040000000000000000e+02,7.476480389611725741e+01,7.783942585079698517e+01,7.006498422265123338e+01
4.000000000000000000e+00,0.000000000000000000e+00,1.050000000000000000e+02,3.269673584702167801e+01,8.883614514995642253e+01,7.063566061290077869e+01
4.000000000000000000e+00,0.000000000000000000e+00,1.060000000000000000e+02,8.238515686627334134e+00,9.119930317612910642e+01,1.599893668317784723e+01
4.000000000000000000e+00,0.000000000000000000e+00,1.070000000000000000e+02,9.362242830592718335e+00,9.416572396242975174e+01,1.783588206741195492e+01
4.000000000000000000e+00,0.000000000000000000e+00,1.080000000000000000e+02,8.791598275595308820e+00,8.274455696124599058e+01,3.573029687967742518e+01
4.000000000000000000e+00,0.000000000000000000e+00,1.090000000000000000e+02,9.079559144262049131e+00,7.131890305738144775e+01,8.367841637337912175e+01
4.000000000000000000e+00,0.000000000000000000e+00,1.100000000000000000e+02,3.681404869793064449e+01,1.995585021570161288e+01,5.662196069816743460e+01
4.000000000000000000e+00,0.000000000000000000e+00,1.110000000000000000e+02,1.447941189608974355e+01,3.333314077705171030e+01,3.526062301878891247e+01
4.000000000000000000e+00,0.000000000000000000e+00,1.120000000000000000e+02,1.597989672537823047e+01,4.765532883628414140e+01,4.948833441195831284e+01
4.000000000000000000e+00,0.000000000000000000e+00,1.130000000000000000e+02,3.685265223106591037e+01,9.047714791306097482e+01,7.427960144113929175e+01
4.000000000000000000e+00,0.000000000000000000e+00,1.140000000000000000e+02,9.295760385278133242e+01,5.640007576404511269e+01,5.857425499471240471e+01
4.000000000000000000e+00,0.000000000000000000e+00,1.150000000000000000e+02,7.945421537239957388e+01,4.753038033012808938e+01,7.353375138028761171e+01
4.000000000000000000e+00,0.000000000000000000e+00,1.160000000000000000e+02,3.469774241302268081e+01,1.423685405128994574e+01,5.909143578609028680e+01
4.000000000000000000e+00,0.000000000000000000e+00,1.170000000000000000e+02,9.141358253690232516e+01,9.283627640449046226e+01,6.672515069810488342e+01
4.000000000000000000e+00,0.000000000000000000e+00,1.180000000000000000e+02,9.804312545564048520e+00,7.490158828375007261e+01,7.960448985008886780e+01
4.000000000000000000e+00,0.000000000000000000e+00,1.190000000000000000e+02,7.571896595285419806e+00,7.835896262685507452e+01,7.374829945069009796e+01
4.000000000000000000e+00,0.000000000000000000e+00,1.200000000000000000e+02,4.268606112248112083e+01,8.330365512949109075e+01,9.155615936753827100e+01
4.000000000000000000e+00,0.000000000000000000e+00,1.210000000000000000e+02,9.281796830172920565e+00,3.734090901234436899e+01,7.464124864355704858e+01
4.000000000000000000e+00,0.000000000000000000e+00,1.220000000000000000e+02,4.603839334322332633e+01,7.959163631005110062e+01,9.182844131296089074e+01
4.000000000000000000e+00,0.000000000000000000e+00,1.230000000000000000e+02,9.295888850644777790e+01,8.596256445909874344e+01,5.946212273172779561e+01
4.000000000000000000e+00,0.000000000000000000e+00,1.240000000000000000e+02,7.360444227430959074e+01,4.597969067335900917e+01,3.939477159347717361e+01
4.000000000000000000e+00,0.000000000000000000e+00,1.250000000000000000e+02,9.293333955804564539e+01,1.278328292418297352e+01,1.068710907411495370e+01
4.000000000000000000e+00,0.000000000000000000e+00,1.260000000000000000e+02,9.231972744117143748e+01,5.444742013193082641e+01,5.577313598062622191e+01
4.000000000000000000e+00,0.000000000000000000e+00,1.270000000000000000e+02,9.111497101755352901e+01,5.225522606456586772e+01,5.686054387946230548e+01
4.000000000000000000e+00,0.000000000000000000e+00,1.280000000000000000e+02,9.120914600835780561e+01,5.647586418014419252e+01,5.429424375832062566e+01
4.000000000000000000e+00,0.000000000000000000e+00,1.290000000000000000e+02,4.057661584973736524e+01,3.407533693368878147e+01,7.559165764700729540e+01
4.000000000000000000e+00,0.000000000000000000e+00,1.300000000000000000e+02,3.529366826744388419e+01,1.216546378382930982e+01,6.043556139626049628e+01
4.000000000000000000e+00,0.000000000000000000e+00,1.310000000000000000e+02,7.370410307875674505e+01,5.989968269345603602e+01,8.419719350400204405e+01
4.000000000000000000e+00,0.000000000000000000e+00,1.320000000000000000e+02,5.796154322533923597e+00,4.006045458148037142e+01,7.511944392475903953e+01
4.000000000000000000e+00,0.000000000000000000e+00,1.330000000000000000e+02,1.455332905115937336e+01,4.449198523382560921e+01,4.205781891533690242e+01
4.000000000000000000e+00,0.000000000000000000e+00,1.340000000000000000e+02,1.577888808700817336e+01,3.631319505374510470e+01,3.486189126711014552e+01
4.000000000000000000e+00,0.000000000000000000e+00,1.350000000000000000e+02,7.304119614011455042e+01,4.699221977227816183e+01,4.360853339251437433e+01
4.000000000000000000e+00,0.000000000000000000e+00,1.360000000000000000e+02,1.252597563433539207e+01,3.610015276784745453e+01,7.779200256128235935e+01
4.000000000000000000e+00,0.000000000000000000e+00,1.370000000000000000e+02,8.842367348059339349e+01,9.365511777653405545e+01,6.406765836631092270e+01
4.000000000000000000e+00,0.000000000000000000e+00,1.380000000000000000e+02,1.448766542590167461e+01,7.712723924283874055e+01,4.014716890039149177e+01
4.000000000000000000e+00,0.000000000000000000e+00,1.390000000000000000e+02,7.157873172847678234e+01,4.379979194507550488e+01,4.419704411937784982e+01
4.000000000000000000e+00,0.000000000000000000e+00,1.400000000000000000e+02,8.998852828779168078e+01,9.177823861688638374e+01,6.484991184832102817e+01
4.000000000000000000e+00,0.000000000000000000e+00,1.410000000000000000e+02,9.165136250517156213e+01,8.972304686320050848e+01,6.540112680322160088e+01
4.000000000000000000e+00,0.000000000000000000e+00,1.420000000000000000e+02,1.490252678159206567e+01,3.011062235332610726e+01,3.178308737840029607e+01
4.000000000000000000e+00,0.000000000000000000e+00,1.430000000000000000e+02,9.120787813955816148e+01,9.060078363782443489e+01,5.815652341960282001e+01
4.000000000000000000e+00,0.000000000000000000e+00,1.440000000000000000e+02,9.433512698087858439e+01,1.155190395487794142e+01,6.431325406573510151e+00
4.000000000000000000e+00,0.000000000000000000e+00,1.450000000000000000e+02,1.612557661222982830e+01,5.097083328873493002e+01,4.744040019880591785e+01
4.000000000000000000e+00,0.000000000000000000e+00,1.460000000000000000e+02,9.027585255027339883e+01,1.530998919347872089e+01,1.090491870189132051e+01
4.000000000000000000e+00,0.000000000000000000e+00,1.470000000000000000e+02,9.087270387293187923e+01,9.205376437755495544e+01,5.221844982712578798e+01
4.000000000000000000e+00,0.000000000000000000e+00,1.480000000000000000e+02,1.089852839094381487e+01,7.380009762154540454e+01,9.335678917587175363e+01
4.000000000000000000e+00,0.000000000000000000e+00,1.490000000000000000e+02,1.165386552304928003e+01,3.603616162059704919e+01,8.166883713816348234e+01
4.000000000000000000e+00,0.000000000000000000e+00,1.500000000000000000e+02,3.517184709895518324e+01,1.833505156170673445e+01,5.851777294905942739e+01
4.000000000000000000e+00,0.000000000000000000e+00,1.510000000000000000e+02,1.498042064552607400e+01,4.866711784345090308e+01,4.650313533962263790e+01
4.000000000000000000e+00,0.000000000000000000e+00,1.520000000000000000e+02,7.570977295750422797e+01,7.528484340023460675e+01,7.175911582032672698e+01
4.000000000000000000e+00,0.000000000000000000e+00,1.530000000000000000e+02,3.507863547834828211e+01,9.072831027912043567e+01,7.131967444541007239e+01
4.000000000000000000e+00,0.000000000000000000e+00,1.540000000000000000e+02,1.178813982444370012e+01,6.627400740742358209e+01,9.142295699776146023e+01
4.000000000000000000e+00,0.000000000000000000e+00,1.550000000000000000e+02,8.322346492827820441e+01,4.994767198034712408e+01,7.508640247944741475e+01
4.000000000000000000e+00,0.000000000000000000e+00,1.560000000000000000e+02,7.360481988612818327e+01,4.216331498617785911e+01,4.435221611373701478e+01
4.000000000000000000e+00,0.000000000000000000e+00,1.570000000000000000e+02,9.201079480792957099e+01,8.848301246071230253e+01,6.254334056833815936e+01
4.000000000000000000e+00,0.000000000000000000e+00,1.580000000000000000e+02,7.495891883595952265e+01,7.728640102292300185e+01,6.681271915757636748e+01
4.000000000000000000e+00,0.000000000000000000e+00,1.590000000000000000e+02,7.139029168030509709e+01,4.061385029789045120e+01,4.162120310107850685e+01
4.000000000000000000e+00,0.000000000000000000e+00,1.600000000000000000e+02,5.298023582857566360e+00,7.894302499095307724e+01,8.862502571104606375e+01
4.000000000000000000e+00,0.000000000000000000e+00,1.610000000000000000e+02,7.179728209545684692e+00,9.330589347722198568e+01,1.622240721911755656e+01
4.000000000000000000e+00,0.000000000000000000e+00,1.620000000000000000e+02,7.435161920235286459e+01,5.771860273262080909e+01,8.544950003489768164e+01
4.000000000000000000e+00,0.000000000000000000e+00,1.630000000000000000e+02,1.459222900556428471e+01,8.273929656229809382e+01,3.779094975493627118e+01
4.000000000000000000e+00,0.000000000000000000e+00,1.640000000000000000e+02,1.062051823877564871e+01,4.680662520978473395e+01,4.963130755893842405e+01
4.000000000000000000e+00,0.000000000000000000e+00,1.650000000000000000e+02,1.645047559460564557e+01,3.848954372776456268e+01,4.046808252572579079e+01
4.000000000000000000e+00,0.000000000000000000e+00,1.660000000000000000e+02,9.377810156803563757e+01,1.006766605913167112e+01,9.353447848108235263e+00
4.000000000000000000e+00,0.000000000000000000e+00,1.670000000000000000e+02,3.571332401449576821e+01,1.531549911082018944e+01,5.628448850291734118e+01
4.000000000000000000e+00,0.000000000000000000e+00,1.680000000000000000e+02,4.265831986742739446e+01,3.519703291641107512e+01,7.380192163931127425e+01
4.000000000000000000e+00,0.000000000000000000e+00,1.690000000000000000e+02,7.561234751341736171e+01,4.359018263042653274e+01,4.226833931323319860e+01
4.000000000000000000e+00,0.000000000000000000e+00,1.700000000000000000e+02,1.095776461328431672e+01,7.919690634003059415e+01,3.812147758696556821e+01
4.000000000000000000e+00,0.000000000000000000e+00,1.710000000000000000e+02,7.245709350888253653e+01,5.918711403554243589e+01,8.866439955291259878e+01
4.000000000000000000e+00,0.000000000000000000e+00,1.720000000000000000e+02,1.940511295713313089e+01,7.078202085226793372e+01,9.219231475518054708e+01
4.000000000000000000e+00,0.000000000000000000e+00,1.730000000000000000e+02,1.970952866116101987e+01,6.521377121060287152e+01,9.258572145846297019e+01
4.000000000000000000e+00,0.000000000000000000e+00,1.740000000000000000e+02,9.306657230748589882e+01,9.025133189308932913e+01,6.320868522264022715e+01
4.000000000000000000e+00,0.000000000000000000e+00,1.750000000000000000e+02,1.723983986214473063e+01,6.428034116013135701e+01,9.402472135109718465e+01
4.000000000000000000e+00,0.000000000000000000e+00,1.760000000000000000e+02,9.170877184690110084e+01,9.086847140583699911e+01,6.270195128795061379e+01
4.000000000000000000e+00,0.000000000000000000e+00,1.770000000000000000e+02,3.346006199850738483e+01,1.202207407834107222e+01,5.824609808626320273e+01
4.000000000000000000e+00,0.000000000000000000e+00,1.780000000000000000e+02,4.346768258644556937e+01,7.851955617471988091e+01,9.510194307656682611e+01
4.000000000000000000e+00,0.000000000000000000e+00,1.790000000000000000e+02,9.379581431202738884e+01,1.047951259208673314e+01,5.953166148710613115e+00
4.000000000000000000e+00,0.000000000000000000e+00,1.800000000000000000e+02,1.125215068980632260e+01,7.834797881102564077e+01,7.651843406749630105e+01
4.000000000000000000e+00,0.000000000000000000e+00,1.810000000000000000e+02,1.108446087356614917e+01,7.513757586484382500e+01,8.358250023901004511e+01
4.000000000000000000e+00,0.000000000000000000e+00,1.820000000000000000e+02,4.461215614355678127e+01,3.427239729781221200e+01,7.662272606869925085e+01
4.000000000000000000e+00,0.000000000000000000e+00,1.830000000000000000e+02,1.650600326190516753e+01,7.173549250210479045e+01,9.084245806031093196e+01
4.000000000000000000e+00,0.000000000000000000e+00,1.840000000000000000e+02,1.137539646739356769e+01,5.619185876095585996e+01,4.535978008701215458e+01
4.000000000000000000e+00,0.000000000000000000e+00,1.850000000000000000e+02,8.413027731296349998e+01,4.822098368738065943e+01,7.400431731266453994e+01
4.000000000000000000e+00,0.000000000000000000e+00,1.860000000000000000e+02,9.636374950709420517e+00,3.766476804471638928e+01,7.929987949619133758e+01
4.000000000000000000e+00,0.000000000000000000e+00,1.870000000000000000e+02,6.442328145028426434e+00,9.204922742019395798e+01,1.729918780906318077e+01
4.000000000000000000e+00,0.000000000000000000e+00,1.880000000000000000e+02,1.060768835584298309e+01,8.346867212529895141e+01,3.712678958281648534e+01
4.000000000000000000e+00,0.000000000000000000e+00,1.890000000000000000e+02,1.230864731436094139e+01,8.515056138739434743e+01,3.773617008585601695e+01
4.000000000000000000e+00,0.000000000000000000e+00,1.900000000000000000e+02,3.500238166563070763e+01,8.873506031094073876e+01,7.170163701265987299e+01
4.000000000000000000e+00,0.000000000000000000e+00,1.910000000000000000e+02,9.365144592574721116e+01,9.221795438109623433e+01,6.675401504284096177e+01
4.000000000000000000e+00,0.000000000000000000e+00,1.920000000000000000e+02,1.494962160556829822e+01,4.775678743232195700e+01,4.379496557641913768e+01
4.000000000000000000e+00,0.000000000000000000e+00,1.930000000000000000e+02,9.207474457281008995e+01,9.134597008586132461e+01,6.064916658117478221e+01
4.000000000000000000e+00,0.000000000000000000e+00,1.940000000000000000e+02,2.263037196373241855e+01,6.704726392327943074e+01,9.319591107286720444e+01
4.000000000000000000e+00,0.000000000000000000e+00,1.950000000000000000e+02,9.228225418943470970e+01,8.733440731363839404e+01,6.601300930571542835e+01
4.000000000000000000e+00,0.000000000000000000e+00,1.960000000000000000e+02,7.142912495399582440e+01,7.951410103268534613e+01,6.936139569325807486e+01
4.000000000000000000e+00,0.000000000000000000e+00,1.970000000000000000e+02,9.674675179836409455e+00,4.035321279609434697e+01,7.820790306928722657e+01
4.000000000000000000e+00,0.000000000000000000e+00,1.980000000000000000e+02,4.411383278440949596e+01,8.162685037612843075e+01,9.403479475260411391e+01
4.000000000000000000e+00,0.000000000000000000e+00,1.990000000000000000e+02,7.381860135755380270e+01,7.350766491872502684e+01,6.879729260841942562e+01
5.000000000000000000e+00,0.000000000000000000e+00,0.000000000000000000e+00,6.312189463562840785e+01,7.800187191572649681e+01,5.739526935998936352e+01
5.000000000000000000e+00,0.000000000000000000e+00,1.000000000000000000e+00,2.462005910710921341e+01,7.296339589622294675e+00,2.892044456586616974e+01
5.000000000000000000e+00,0.000000000000000000e+00,2.000000000000000000e+00,1.997662643879286648e+01,1.963364265866673719e+01,4.233878717744203612e+01
5.000000000000000000e+00,0.000000000000000000e+00,3.000000000000000000e+00,8.335906068095314936e+01,3.018424451291483734e+01,7.865046261715963283e+01
5.000000000000000000e+00,0.000000000000000000e+00,4.000000000000000000e+00,8.144480387419302758e+01,3.581934396107590146e+01,7.119173128932166605e+01
5.000000000000000000e+00,0.000000000000000000e+00,5.000000000000000000e+00,3.009922500555838809e+01,4.721801222093028372e+01,2.653232772978715914e+01
5.000000000000000000e+00,0.000000000000000000e+00,6.000000000000000000e+00,8.758889835345611630e+01,1.129101015977414235e+01,7.286936823165260080e+01
5.000000000000000000e+00,0.000000000000000000e+00,7.000000000000000000e+00,7.875640290222905548e+01,2.917296493699211268e+01,7.645092537729522064e+01
5.000000000000000000e+00,0.000000000000000000e+00,8.000000000000000000e+00,1.273956214043989732e+01,2.839938099926001769e+01,8.228893995168228059e+01
5.000000000000000000e+00,0.000000000000000000e+00,9.000000000000000000e+00,7.830106927145363827e+00,2.846550239664265902e+01,8.321266786232968116e+01
5.000000000000000000e+00,0.000000000000000000e+00,1.000000000000000000e+01,6.029078571696765465e+01,3.632599894621837677e+01,6.374730346008484538e+00
5.000000000000000000e+00,0.000000000000000000e+00,1.100000000000000000e+01,1.335417247799514584e+01,3.752262997735874706e+01,8.269817971169599957e+01
5.000000000000000000e+00,0.000000000000000000e+00,1.200000000000000000e+01,7.733458639517363054e+01,9.134570921130347187e+01,2.264085935889423951e+01
5.000000000000000000e+00,0.000000000000000000e+00,1.300000000000000000e+01,6.296705285190180490e+01,8.270419056779211076e+01,5.750711509774409080e+01
5.000000000000000000e+00,0.000000000000000000e+00,1.400000000000000000e+01,1.093984028880925408e+01,3.432393021108170217e+01,7.912152919841742005e+01
5.000000000000000000e+00,0.000000000000000000e+00,1.500000000000000000e+01,1.212830224947372493e+01,3.144312072151349113e+01,8.271150697433364485e+01
5.000000000000000000e+00,0.000000000000000000e+00,1.600000000000000000e+01,1.637478875753732410e+01,1.583767001889361659e+01,3.802681400721242966e+01
5.000000000000000000e+00,0.000000000000000000e+00,1.700000000000000000e+01,1.789732838625295486e+01,1.823683792891500843e+01,4.205669399625622162e+01
5.000000000000000000e+00,0.000000000000000000e+00,1.800000000000000000e+01,1.088262017653845248e+01,2.645215716395680872e+01,8.022446234443256685e+01
5.000000000000000000e+00,0.000000000000000000e+00,1.900000000000000000e+01,4.177480800778888437e+01,4.666446948907221781e+01,2.535605816944532975e+01
5.000000000000000000e+00,0.000000000000000000e+00,2.000000000000000000e+01,8.722361660411955597e+01,1.347680434070462319e+01,7.112708520996008588e+01
5.000000000000000000e+00,0.000000000000000000e+00,2.100000000000000000e+01,8.604580797860566577e+01,3.005714732566199388e+01,9.155338462834660618e+01
5.000000000000000000e+00,0.000000000000000000e+00,2.200000000000000000e+01,3.561863445433576203e+01,4.894134052195904161e+01,2.927537095449333293e+01
5.000000000000000000e+00,0.000000000000000000e+00,2.300000000000000000e+01,1.169533931309484842e+01,2.546184750886719783e+01,8.395547377046410986e+01
5.000000000000000000e+00,0.000000000000000000e+00,2.400000000000000000e+01,4.824533932371784317e+01,7.802323735382955761e+01,8.175569248959352819e+01
5.000000000000000000e+00,0.000000000000000000e+00,2.500000000000000000e+01,9.493456422860710120e+00,2.856742952752108877e+01,8.199827846083577754e+01
5.000000000000000000e+00,0.000000000000000000e+00,2.600000000000000000e+01,6.344896094499545569e+01,3.435086742485641764e+01,7.140434411756161559e+00
5.000000000000000000e+00,0.000000000000000000e+00,2.700000000000000000e+01,9.426445538949190350e+00,9.156826658866255286e+01,8.234323847528099094e+00
5.000000000000000000e+00,0.000000000000000000e+00,2.800000000000000000e+01,5.957244420744269320e+01,2.820253484629707330e+01,6.355133775518525319e+00
5.000000000000000000e+00,0.000000000000000000e+00,2.900000000000000000e+01,6.189058253952676836e+01,3.266530445217958345e+01,6.017887051408880694e+00
5.000000000000000000e+00,0.000000000000000000e+00,3.000000000000000000e+01,3.526054705461758232e+01,4.842935173041074393e+01,2.385794582995396595e+01
5.000000000000000000e+00,0.000000000000000000e+00,3.100000000000000000e+01,9.445143034515135483e+00,9.158955293834607403e+01,5.821042421310761661e+00
5.000000000000000000e+00,0.000000000000000000e+00,3.200000000000000000e+01,8.797190061537723693e+01,1.658095442783805140e+01,7.247466761155210691e+01
5.000000000000000000e+00,0.000000000000000000e+00,3.300000000000000000e+01,7.393366594114391432e+01,9.078567482205015438e+01,2.505633828249992945e+01
5.000000000000000000e+00,0.000000000000000000e+00,3.400000000000000000e+01,1.580214435511249782e+01,3.993513998261068565e+01,7.946137809180612521e+01
5.000000000000000000e+00,0.000000000000000000e+00,3.500000000000000000e+01,1.034291167226495389e+01,2.890272135392713082e+01,7.718504082045591019e+01
5.000000000000000000e+00,0.000000000000000000e+00,3.600000000000000000e+01,8.005567341313984286e+01,9.353256998084994223e+01,2.231905692461271684e+01
5.000000000000000000e+00,0.000000000000000000e+00,3.700000000000000000e+01,2.473314631133581543e+01,7.680402481686027905e+00,3.116047316864831984e+01
5.000000000000000000e+00,0.000000000000000000e+00,3.800000000000000000e+01,7.781079705310351358e+01,9.195540678445043170e+01,1.958089207800889042e+01
5.000000000000000000e+00,0.000000000000000000e+00,3.900000000000000000e+01,9.176482024567542695e+00,3.060278331080908742e+01,8.180349960097674966e+01
5.000000000000000000e+00,0.000000000000000000e+00,4.000000000000000000e+01,8.472335147493060958e+01,3.552528940985229156e+01,7.530908178431700151e+01
5.000000000000000000e+00,0.000000000000000000e+00,4.100000000000000000e+01,6.500833159037797770e+01,3.124011332999351964e+01,7.322101631419337231e+00
5.000000000000000000e+00,0.000000000000000000e+00,4.200000000000000000e+01,4.710660567101207619e+01,8.321937648107014240e+01,8.459252171489639238e+01
5.000000000000000000e+00,0.000000000000000000e+00,4.300000000000000000e+01,5.093142147784444518e+01,8.185646470518041440e+01,8.152076811675024715e+01
5.000000000000000000e+00,0.000000000000000000e+00,4.400000000000000000e+01,6.327350317618050468e+01,3.138153918325908265e+01,4.510600681744669771e+00
5.000000000000000000e+00,0.000000000000000000e+00,4.500000000000000000e+01,8.524901750246935705e+01,2.989364838263183444e+01,8.152190207311267045e+01
5.000000000000000000e+00,0.000000000000000000e+00,4.600000000000000000e+01,7.428524375092352727e+01,9.266145540223027410e+01,2.818400970954966667e+01
5.000000000000000000e+00,0.000000000000000000e+00,4.700000000000000000e+01,8.725114063892809213e+01,2.674942698568334265e+01,7.817006094143975758e+01
5.000000000000000000e+00,0.000000000000000000e+00,4.800000000000000000e+01,8.630882634939962372e+01,3.269194532130160979e+01,7.758954388263924784e+01
5.000000000000000000e+00,0.000000000000000000e+00,4.900000000000000000e+01,2.399261218313685973e+01,5.043313437755521988e+00,3.231739812694861058e+01
5.000000000000000000e+00,0.000000000000000000e+00,5.000000000000000000e+01,2.109454015157792028e+01,7.213156942123504223e+00,3.328403296266291278e+01
5.000000000000000000e+00,0.000000000000000000e+00,5.100000000000000000e+01,2.025359871787986776e+01,1.713901318126272244e+01,4.033981140369165530e+01
5.000000000000000000e+00,0.000000000000000000e+00,5.200000000000000000e+01,1.071331503019185227e+01,4.055481599191673325e+01,8.067737272266411708e+01
5.000000000000000000e+00,0.000000000000000000e+00,5.300000000000000000e+01,2.906325455249972123e+01,4.709244240460814268e+01,3.365498121467706483e+01
5.000000000000000000e+00,0.000000000000000000e+00,5.400000000000000000e+01,8.451272410134860991e+01,2.367881809273129079e+01,8.057993769686339647e+01
5.000000000000000000e+00,0.000000000000000000e+00,5.500000000000000000e+01,3.332991575219121216e+01,4.850823162001471189e+01,2.637787971223118433e+01
5.000000000000000000e+00,0.000000000000000000e+00,5.600000000000000000e+01,9.802524147794192899e+00,3.194712231172086092e+01,7.646743528116836330e+01
5.000000000000000000e+00,0.000000000000000000e+00,5.700000000000000000e+01,1.777279529493016241e+01,1.474640291007032999e+01,4.310802449062641273e+01
5.000000000000000000e+00,0.000000000000000000e+00,5.800000000000000000e+01,8.404698728999500190e+01,3.316688145972264579e+01,7.897872014201553270e+01
5.000000000000000000e+00,0.000000000000000000e+00,5.900000000000000000e+01,2.009031310921756841e+01,1.431271187446949611e+01,3.779318424701474299e+01
5.000000000000000000e+00,0.000000000000000000e+00,6.000000000000000000e+01,3.088821316258862737e+01,4.716407422893574619e+01,2.953762624772898349e+01
5.000000000000000000e+00,0.000000000000000000e+00,6.100000000000000000e+01,7.806464798733389898e+01,4.332005782108534930e+01,7.023667473800121286e+01
5.000000000000000000e+00,0.000000000000000000e+00,6.200000000000000000e+01,8.780554427147473007e+01,2.699773413909553099e+01,8.106498114902207419e+01
5.000000000000000000e+00,0.000000000000000000e+00,6.300000000000000000e+01,8.995452038314672549e+00,2.836771141448434363e+01,7.988522634707452141e+01
5.000000000000000000e+00,0.000000000000000000e+00,6.400000000000000000e+01,3.260694619930202265e+01,4.653760724558519968e+01,2.917983671144004632e+01
5.000000000000000000e+00,0.000000000000000000e+00,6.500000000000000000e+01,2.791477154438793917e+01,4.633580530762825589e+01,2.627460617803963316e+01
5.000000000000000000e+00,0.000000000000000000e+00,6.600000000000000000e+01,8.737736746423958323e+01,1.168122020036568642e+01,7.473915711174799981e+01
5.000000000000000000e+00,0.000000000000000000e+00,6.700000000000000000e+01,6.606043724028302222e+01,8.425085982279479424e+01,5.792685886015117092e+01
5.000000000000000000e+00,0.000000000000000000e+00,6.800000000000000000e+01,8.710194510299899662e+01,1.602279722099645909e+01,7.639898929390709270e+01
5.000000000000000000e+00,0.000000000000000000e+00,6.900000000000000000e+01,1.783370570209284267e+01,2.189885580724938663e+01,9.212441882092502965e+01
5.000000000000000000e+00,0.000000000000000000e+00,7.000000000000000000e+01,8.830644760116263114e+01,3.111636680057939941e+01,8.757654143684632686e+01
5.000000000000000000e+00,0.000000000000000000e+00,7.100000000000000000e+01,1.967996928273752744e+01,2.087147066715884591e+01,4.353022745693365891e+01
5.000000000000000000e+00,0.000000000000000000e+00,7.200000000000000000e+01,9.116388472210028127e+00,8.982660856474507227e+01,4.869433281786166745e+00
5.000000000000000000e+00,0.000000000000000000e+00,7.300000000000000000e+01,5.375383221867486583e+01,7.963006761226090191e+01,8.311378197302435922e+01
5.000000000000000000e+00,0.000000000000000000e+00,7.400000000000000000e+01,8.133942098434931722e+01,3.135878125408882866e+01,8.123828393025149808e+01
5.000000000000000000e+00,0.000000000000000000e+00,7.500000000000000000e+01,8.587000883805487206e+01,3.046988219637080419e+01,7.532441637437548820e+01
5.000000000000000000e+00,0.000000000000000000e+00,7.600000000000000000e+01,8.444844565429552574e+01,2.985923018658812822e+01,8.492431102834255796e+01
5.000000000000000000e+00,0.000000000000000000e+00,7.700000000000000000e+01,8.358212147898494493e+01,2.812915031971420632e+01,8.804869865689407504e+01
5.000000000000000000e+00,0.000000000000000000e+00,7.800000000000000000e+01,9.007856826648753668e+01,1.871397551050404928e+01,4.060892322917128894e+01
5.000000000000000000e+00,0.000000000000000000e+00,7.900000000000000000e+01,7.884947166755276271e+01,8.929720355033694545e+01,2.187831398531536209e+01
5.000000000000000000e+00,0.000000000000000000e+00,8.000000000000000000e+01,9.014612637326507638e+00,9.050829943437712188e+01,6.784951544934850531e+00
5.000000000000000000e+00,0.000000000000000000e+00,8.100000000000000000e+01,6.502115766947839859e+01,8.056994152776582041e+01,5.344545170280711233e+01
5.000000000000000000e+00,0.000000000000000000e+00,8.200000000000000000e+01,5.250321664187454473e+01,7.951168088393804112e+01,8.191704313421264771e+01
5.000000000000000000e+00,0.000000000000000000e+00,8.300000000000000000e+01,2.219559502017098751e+01,8.002839008310148827e+00,3.020429911231573783e+01
5.000000000000000000e+00,0.000000000000000000e+00,8.400000000000000000e+01,8.425084436743905769e+01,2.789564014603910280e+01,7.828633272241731333e+01
5.000000000000000000e+00,0.000000000000000000e+00,8.500000000000000000e+01,2.320906155935664117e+01,2.359273406909724002e+01,4.636505218529413241e+01
5.000000000000000000e+00,0.000000000000000000e+00,8.600000000000000000e+01,1.238002115992641450e+01,2.868619692209744088e+01,8.442106431903310693e+01
5.000000000000000000e+00,0.000000000000000000e+00,8.700000000000000000e+01,2.783406540699008147e+01,4.791686850136575515e+01,2.928805858572486542e+01
5.000000000000000000e+00,0.000000000000000000e+00,8.800000000000000000e+01,8.140322985835847192e+01,8.799886993132604118e+01,2.503797066505739721e+01
5.000000000000000000e+00,0.000000000000000000e+00,8.900000000000000000e+01,5.988029861186746672e+01,3.216206003978513905e+01,7.989716501297003504e+00
5.000000000000000000e+00,0.000000000000000000e+00,9.000000000000000000e+01,2.948329830681258912e+01,4.505322660865595452e+01,2.813391628118624510e+01
5.000000000000000000e+00,0.000000000000000000e+00,9.100000000000000000e+01,7.531102189310141171e+01,4.540191299269741165e+01,7.104163769434758535e+01
5.000000000000000000e+00,0.000000000000000000e+00,9.200000000000000000e+01,5.071766266798780975e+01,8.164622055224917574e+01,7.889905967881858828e+01
5.000000000000000000e+00,0.000000000000000000e+00,9.300000000000000000e+01,5.204089825902969579e+01,7.691855499314483779e+01,7.805518947293565191e+01
5.000000000000000000e+00,0.000000000000000000e+00,9.400000000000000000e+01,1.876405332952764482e+01,1.935921966215269663e+01,4.055318453194607997e+01
5.000000000000000000e+00,0.000000000000000000e+00,9.500000000000000000e+01,5.196209002068269456e+01,8.118650732445321694e+01,8.038116257934866837e+01
5.000000000000000000e+00,0.000000000000000000e+00,9.600000000000000000e+01,2.965328760603699720e+01,4.320427155407570297e+01,3.766639103253987031e+01
5.000000000000000000e+00,0.000000000000000000e+00,9.700000000000000000e+01,8.130540216224693495e+01,4.040420397415731202e+01,7.292117533108087457e+01
5.000000000000000000e+00,0.000000000000000000e+00,9.800000000000000000e+01,2.201281549998466858e+01,6.600009294811826521e+00,2.919778921422695817e+01
5.000000000000000000e+00,0.000000000000000000e+00,9.900000000000000000e+01,9.167908583651286847e+01,1.936399043124879427e+01,3.696905206417473266e+01
5.000000000000000000e+00,0.000000000000000000e+00,1.000000000000000000e+02,1.263431413962719674e+01,2.403391743347246745e+01,8.259285478191101504e+01
5.000000000000000000e+00,0.000000000000000000e+00,1.010000000000000000e+02,1.494546538758297416e+01,2.964972697028487758e+01,8.322619302421745147e+01
5.000000000000000000e+00,0.000000000000000000e+00,1.020000000000000000e+02,9.716258339765046159e+00,8.924571589583148068e+01,6.890627717988654588e+00
5.000000000000000000e+00,0.000000000000000000e+00,1.030000000000000000e+02,9.118303841280894062e+01,2.007651034220368658e+01,3.961002590693649950e+01
5.000000000000000000e+00,0.000000000000000000e+00,1.040000000000000000e+02,3.052477925922681123e+01,4.959470846214735928e+01,2.767404639829510771e+01
5.000000000000000000e+00,0.000000000000000000e+00,1.050000000000000000e+02,9.863471191645029279e+00,3.728575426396718484e+01,7.948454270673427402e+01
5.000000000000000000e+00,0.000000000000000000e+00,1.060000000000000000e+02,1.909325066591839359e+01,2.354612063247930465e+01,9.052723126147191124e+01
5.000000000000000000e+00,0.000000000000000000e+00,1.070000000000000000e+02,7.617046446516789615e+01,9.508869089951114972e+01,2.111097984440048947e+01
5.000000000000000000e+00,0.000000000000000000e+00,1.080000000000000000e+02,8.710956863091098512e+01,1.778958201716131882e+01,7.484879743096675497e+01
5.000000000000000000e+00,0.000000000000000000e+00,1.090000000000000000e+02,2.290883441753091887e+01,7.981676240538461364e+00,3.208732901442424890e+01
5.000000000000000000e+00,0.000000000000000000e+00,1.100000000000000000e+02,7.510475920393490412e+01,4.185250493466863020e+01,7.024899292491386404e+01
5.000000000000000000e+00,0.000000000000000000e+00,1.110000000000000000e+02,1.559586344238096878e+01,1.449401802696547570e+01,4.113704326339021122e+01
5.000000000000000000e+00,0.000000000000000000e+00,1.120000000000000000e+02,2.155369211890606351e+01,2.016386454551937035e+01,9.417819338895421311e+01
5.000000000000000000e+00,0.000000000000000000e+00,1.130000000000000000e+02,1.968976318966336336e+01,1.608531301613781039e+01,4.264828894529097880e+01
5.000000000000000000e+00,0.000000000000000000e+00,1.140000000000000000e+02,9.811442889035777881e+00,3.001959049931184609e+01,8.419791751862166507e+01
5.000000000000000000e+00,0.000000000000000000e+00,1.150000000000000000e+02,2.521052354787484262e+01,5.093826118936939373e+00,3.014155849811993448e+01
5.000000000000000000e+00,0.000000000000000000e+00,1.160000000000000000e+02,9.163946157513082724e+00,3.494856525969860428e+01,7.804015227311056435e+01
5.000000000000000000e+00,0.000000000000000000e+00,1.170000000000000000e+02,6.385352420548150576e+01,2.773520504080557458e+01,4.560517701672250901e+00
5.000000000000000000e+00,0.000000000000000000e+00,1.180000000000000000e+02,7.701019456890954018e+00,9.052999013506192227e+01,5.860216780718384477e+00
5.000000000000000000e+00,0.000000000000000000e+00,1.190000000000000000e+02,7.319835104928638714e+01,4.207996122406412098e+01,7.087991288075495788e+01
5.000000000000000000e+00,0.000000000000000000e+00,1.200000000000000000e+02,7.874910327403316046e+01,9.162138088312219963e+01,2.683043364821315890e+01
5.000000000000000000e+00,0.000000000000000000e+00,1.210000000000000000e+02,7.498610679968794557e+01,8.971908110284527993e+01,2.122875207416130650e+01
5.000000000000000000e+00,0.000000000000000000e+00,1.220000000000000000e+02,2.451999434030761904e+01,7.056117826868455900e+00,2.671364787480774439e+01
5.000000000000000000e+00,0.000000000000000000e+00,1.230000000000000000e+02,6.556411381627648893e+01,7.963875449533790629e+01,5.749994318915096159e+01
5.000000000000000000e+00,0.000000000000000000e+00,1.240000000000000000e+02,8.850199869937833341e+01,1.856085513261638908e+01,3.633337478782846830e+01
5.000000000000000000e+00,0.000000000000000000e+00,1.250000000000000000e+02,1.343316547609884815e+01,3.307202695377288393e+01,7.942057537799307454e+01
5.000000000000000000e+00,0.000000000000000000e+00,1.260000000000000000e+02,1.939267543087848367e+01,1.388139357728493373e+01,4.006028253972913689e+01
5.000000000000000000e+00,0.000000000000000000e+00,1.270000000000000000e+02,1.391743983925295503e+01,3.046600842014013466e+01,7.723435862474812552e+01
5.000000000000000000e+00,0.000000000000000000e+00,1.280000000000000000e+02,1.053056261795231308e+01,3.120258863946577677e+01,7.999131754053992438e+01
5.000000000000000000e+00,0.000000000000000000e+00,1.290000000000000000e+02,1.042269543014183242e+01,2.792663806727886922e+01,8.610983075253354002e+01
5.000000000000000000e+00,0.000000000000000000e+00,1.300000000000000000e+02,7.424822982191857079e+01,4.460251595433290817e+01,6.712254060839424596e+01
5.000000000000000000e+00,0.000000000000000000e+00,1.310000000000000000e+02,2.041743793166858012e+01,2.489874673689079643e+01,9.212492060692632379e+01
5.000000000000000000e+00,0.000000000000000000e+00,1.320000000000000000e+02,7.460044322774660941e+01,4.264526980932527778e+01,7.526293033739565885e+01
5.000000000000000000e+00,0.000000000000000000e+00,1.330000000000000000e+02,8.845715770156158442e+01,1.954204923029302066e+01,3.810644413668217823e+01
5.000000000000000000e+00,0.000000000000000000e+00,1.340000000000000000e+02,1.501303636774396644e+01,3.266903235682499940e+01,8.245533686396774442e+01
5.000000000000000000e+00,0.000000000000000000e+00,1.350000000000000000e+02,7.280185080126575770e+01,9.479378043427063005e+01,2.407821002911764197e+01
5.000000000000000000e+00,0.000000000000000000e+00,1.360000000000000000e+02,8.431175671993216270e+01,3.124756701349059185e+01,8.884998692238283979e+01
5.000000000000000000e+00,0.000000000000000000e+00,1.370000000000000000e+02,8.818178841160347758e+01,2.607863923531395756e+01,8.869926658590016189e+01
5.000000000000000000e+00,0.000000000000000000e+00,1.380000000000000000e+02,5.017850547615793033e+01,8.135722920813016401e+01,8.037560832746152073e+01
5.000000000000000000e+00,0.000000000000000000e+00,1.390000000000000000e+02,1.142364389215437903e+01,3.508585805857548223e+01,7.567423327397180799e+01
5.000000000000000000e+00,0.000000000000000000e+00,1.400000000000000000e+02,8.273061205156407993e+01,2.787870948692034645e+01,8.270653020425058344e+01
5.000000000000000000e+00,0.000000000000000000e+00,1.410000000000000000e+02,8.726386276189398927e+01,2.081549597950717256e+01,7.499011915556873475e+01
5.000000000000000000e+00,0.000000000000000000e+00,1.420000000000000000e+02,8.814516728546156799e+01,1.577167576743368471e+01,7.806078105005991574e+01
5.000000000000000000e+00,0.000000000000000000e+00,1.430000000000000000e+02,1.410277986627613522e+01,2.832193199033739717e+01,7.997493238851586739e+01
5.000000000000000000e+00,0.000000000000000000e+00,1.440000000000000000e+02,9.183361522927017973e+01,1.970386479516161771e+01,4.159992300244676500e+01
5.000000000000000000e+00,0.000000000000000000e+00,1.450000000000000000e+02,8.854856836333021874e+01,1.779859556431225087e+01,7.668744185801789115e+01
5.000000000000000000e+00,0.000000000000000000e+00,1.460000000000000000e+02,6.765456450277189049e+01,8.180214451049160118e+01,5.740726600094480148e+01
5.000000000000000000e+00,0.000000000000000000e+00,1.470000000000000000e+02,7.879818076514177960e+01,4.068400736356105085e+01,7.209763251395584405e+01
5.000000000000000000e+00,0.000000000000000000e+00,1.480000000000000000e+02,5.160364933681331223e+01,2.836656109618366628e+01,1.570067736546082493e+01
5.000000000000000000e+00,0.000000000000000000e+00,1.490000000000000000e+02,9.189696372507565059e+01,1.870468875318641722e+01,3.461663246884090483e+01
5.000000000000000000e+00,0.000000000000000000e+00,1.500000000000000000e+02,7.717159526002110681e+01,8.891387364004565086e+01,2.549459398489420536e+01
5.000000000000000000e+00,0.000000000000000000e+00,1.510000000000000000e+02,8.684946930744918348e+01,1.842781957500573853e+01,3.802294078231650332e+01
5.000000000000000000e+00,0.000000000000000000e+00,1.520000000000000000e+02,8.950333252571522280e+01,1.947090540030808370e+01,3.940227924290157802e+01
5.000000000000000000e+00,0.000000000000000000e+00,1.530000000000000000e+02,9.116631603153410879e+01,1.893173238417965010e+01,3.848671754626302288e+01
5.000000000000000000e+00,0.000000000000000000e+00,1.540000000000000000e+02,7.877183479211520023e+01,3.299487578809935684e+01,7.902554527727913580e+01
5.000000000000000000e+00,0.000000000000000000e+00,1.550000000000000000e+02,2.193659300897138564e+01,9.043265658283498709e+00,2.755569285236039789e+01
5.000000000000000000e+00,0.000000000000000000e+00,1.560000000000000000e+02,1.048111140672285124e+01,3.222060828654731779e+01,8.188827532764220507e+01
5.000000000000000000e+00,0.000000000000000000e+00,1.570000000000000000e+02,1.885291694332764223e+01,1.818484235828411499e+01,4.419925352805528718e+01
5.000000000000000000e+00,0.000000000000000000e+00,1.580000000000000000e+02,5.336163753820480338e+01,7.940471322761436568e+01,7.421161842410859322e+01
5.000000000000000000e+00,0.000000000000000000e+00,1.590000000000000000e+02,1.925046819725537972e+01,2.346530429312101163e+01,9.457302225809230833e+01
5.000000000000000000e+00,0.000000000000000000e+00,1.600000000000000000e+02,8.168568699034789660e+00,2.609253951191626442e+01,8.589918103517420889e+01
5.000000000000000000e+00,0.000000000000000000e+00,1.610000000000000000e+02,2.098953421272470621e+01,1.787098624813854286e+01,4.300172725841037646e+01
5.000000000000000000e+00,0.000000000000000000e+00,1.620000000000000000e+02,6.754552030889202285e+01,7.963083160463716581e+01,5.875650573130116783e+01
5.000000000000000000e+00,0.000000000000000000e+00,1.630000000000000000e+02,2.322878085238722079e+01,2.594993296454606835e+01,9.202969035459935299e+01
5.000000000000000000e+00,0.000000000000000000e+00,1.640000000000000000e+02,2.069362414891194391e+01,2.243394315650660431e+01,9.178724970139369077e+01
5.000000000000000000e+00,0.000000000000000000e+00,1.650000000000000000e+02,8.457929600710970419e+01,1.714450897857974354e+01,7.373590646259739856e+01
5.000000000000000000e+00,0.000000000000000000e+00,1.660000000000000000e+02,6.322806749742051835e+01,2.767853904205295379e+01,7.543538951664811698e+00
5.000000000000000000e+00,0.000000000000000000e+00,1.670000000000000000e+02,7.997254214587640320e+01,3.116959493342559995e+01,8.607810524888054715e+01
5.000000000000000000e+00,0.000000000000000000e+00,1.680000000000000000e+02,7.801807452002825549e+00,3.332830107568145905e+01,8.039024833866621123e+01
5.000000000000000000e+00,0.000000000000000000e+00,1.690000000000000000e+02,8.991279016515905198e+01,1.868121856283663362e+01,3.913080162042183474e+01
5.000000000000000000e+00,0.000000000000000000e+00,1.700000000000000000e+02,9.021153053283822487e+01,1.926109028546440882e+01,3.684501613859271885e+01
5.000000000000000000e+00,0.000000000000000000e+00,1.710000000000000000e+02,6.620080842094074569e+01,8.139542953295264738e+01,5.831373625848966213e+01
5.000000000000000000e+00,0.000000000000000000e+00,1.720000000000000000e+02,6.984176138490664876e+00,2.808156971924420375e+01,8.541934546136130280e+01
5.000000000000000000e+00,0.000000000000000000e+00,1.730000000000000000e+02,8.233185969205138122e+01,3.368622054085326312e+01,9.027165987927500623e+01
5.000000000000000000e+00,0.000000000000000000e+00,1.740000000000000000e+02,6.394049361105232521e+01,7.929411157364920371e+01,5.916782125562112782e+01
5.000000000000000000e+00,0.000000000000000000e+00,1.750000000000000000e+02,6.001527927389311401e+00,3.068515177401867433e+01,7.771194896119591533e+01
5.000000000000000000e+00,0.000000000000000000e+00,1.760000000000000000e+02,8.130836414463776407e+01,3.650710408614844482e+01,7.403759887103232984e+01
5.000000000000000000e+00,0.000000000000000000e+00,1.770000000000000000e+02,5.124150577182198418e+01,8.205324511419482292e+01,8.370146094757936339e+01
5.000000000000000000e+00,0.000000000000000000e+00,1.780000000000000000e+02,6.847004211445734789e+00,3.024689119390752978e+01,8.599618483629487287e+01
5.000000000000000000e+00,0.000000000000000000e+00,1.790000000000000000e+02,1.633982468841056601e+01,2.629113553664498681e+01,8.285839057881071312e+01
5.000000000000000000e+00,0.000000000000000000e+00,1.800000000000000000e+02,2.281525544233964098e+01,2.421831022798986766e+01,9.355843410612183675e+01
5.000000000000000000e+00,0.000000000000000000e+00,1.810000000000000000e+02,8.250203227188357857e+01,3.274368855550174118e+01,7.601704467375492413e+01
5.000000000000000000e+00,0.000000000000000000e+00,1.820000000000000000e+02,1.549294088134726444e+01,3.146353861608613656e+01,8.025060633322621584e+01
5.000000000000000000e+00,0.000000000000000000e+00,1.830000000000000000e+02,6.895391205728394368e+01,8.282581223230803857e+01,5.756580555825249235e+01
5.000000000000000000e+00,0.000000000000000000e+00,1.840000000000000000e+02,4.816422872834089475e+01,8.109026155999902130e+01,8.037076438079685659e+01
5.000000000000000000e+00,0.000000000000000000e+00,1.850000000000000000e+02,9.060661081628127889e+00,2.647593795105476033e+01,8.374155573894893223e+01
5.000000000000000000e+00,0.000000000000000000e+00,1.860000000000000000e+02,7.386480973985143805e+01,9.317221349812854214e+01,1.989571163011633814e+01
5.000000000000000000e+00,0.000000000000000000e+00,1.870000000000000000e+02,8.592306827727493612e+01,2.700629706657677076e+01,8.416241683295243092e+01
5.000000000000000000e+00,0.000000000000000000e+00,1.880000000000000000e+02,8.675312669628374351e+01,1.354745013277335808e+01,7.697146713343509816e+01
5.000000000000000000e+00,0.000000000000000000e+00,1.890000000000000000e+02,7.362360882376378868e+00,9.123681147663194224e+01,5.032137347324518117e+00
5.000000000000000000e+00,0.000000000000000000e+00,1.900000000000000000e+02,8.895780653746362532e+01,1.439736064675262917e+01,7.546835853102145109e+01
5.000000000000000000e+00,0.000000000000000000e+00,1.910000000000000000e+02,5.294249386365941490e+01,8.418251884191218437e+01,7.523939585522819584e+01
5.000000000000000000e+00,0.000000000000000000e+00,1.920000000000000000e+02,8.223261251057837740e+01,9.056236791632946392e+01,2.090156714597148024e+01
5.000000000000000000e+00,0.000000000000000000e+00,1.930000000000000000e+02,8.378173234006533221e+01,1.351526379730750094e+01,7.499603280325779053e+01
5.000000000000000000e+00,0.000000000000000000e+00,1.940000000000000000e+02,7.723348226392749893e+01,4.249725133697754131e+01,7.335709088672959410e+01
5.000000000000000000e+00,0.000000000000000000e+00,1.950000000000000000e+02,5.034619891004607695e+01,7.979946485109779530e+01,8.211655250448089305e+01
5.000000000000000000e+00,0.000000000000000000e+00,1.960000000000000000e+02,7.690499020787450490e+01,9.448318662157309689e+01,2.521794459780663900e+01
5.000000000000000000e+00,0.000000000000000000e+00,1.970000000000000000e+02,6.191411710447727756e+01,3.079579462568906223e+01,1.080959406538726952e+01
5.000000000000000000e+00,0.000000000000000000e+00,1.980000000000000000e+02,8.153513730091614775e+01,3.098479754575734546e+01,7.309159930278890727e+01
5.000000000000000000e+00,0.000000000000000000e+00,1.990000000000000000e+02,1.573287363945536654e+01,2.413101828505814694e+01,9.100249043905419910e+01
6.000000000000000000e+00,0.000000000000000000e+00,0.000000000000000000e+00,2.956108298932275247e+01,5.951203248884714014e+01,1.631929545187187358e+01
6.000000000000000000e+00,0.000000000000000000e+00,1.000000000000000000e+00,6.743074114138021002e+01,1.668950391987795712e+01,6.918597945692694395e+01
6.000000000000000000e+00,0.000000000000000000e+00,2.000000000000000000e+00,5.735602298277163413e+01,1.465442967775905636e+01,8.693355271100249126e+01
6.000000000000000000e+00,0.000000000000000000e+00,3.000000000000000000e+00,5.570989087384573679e+01,1.440790154550695235e+01,8.117211323178453597e+01
6.000000000000000000e+00,0.000000000000000000e+00,4.000000000000000000e+00,5.289479290665835975e+01,1.361222241181156711e+01,8.561744741254518942e+01
6.000000000000000000e+00,0.000000000000000000e+00,5.000000000000000000e+00,2.227598036124496517e+01,8.719367966955921645e+01,4.503959088097722230e+01
6.000000000000000000e+00,0.000000000000000000e+00,6.000000000000000000e+00,6.272960281253038772e+01,8.165625870499577843e+01,2.056566926920173799e+01
6.000000000000000000e+00,0.000000000000000000e+00,7.000000000000000000e+00,1.899971175973082183e+01,8.247526927812398867e+01,4.002294651188111629e+01
6.000000000000000000e+00,0.000000000000000000e+00,8.000000000000000000e+00,4.183657396633346792e+01,7.024079265959571217e+01,3.650289624769023078e+01
6.000000000000000000e+00,0.000000000000000000e+00,9.000000000000000000e+00,3.944556964948345268e+01,6.471857496761252548e+01,2.684464857299143858e+01
6.000000000000000000e+00,0.000000000000000000e+00,1.000000000000000000e+01,6.089676103716494993e+01,8.266392568556337039e+01,2.263420207166840470e+01
6.000000000000000000e+00,0.000000000000000000e+00,1.100000000000000000e+01,3.766576132920814501e+01,6.558394499431391012e+01,2.409605170905296134e+01
6.000000000000000000e+00,0.000000000000000000e+00,1.200000000000000000e+01,6.982951821429843164e+01,7.395362275539694963e+01,4.105861255125017095e+01
6.000000000000000000e+00,0.000000000000000000e+00,1.300000000000000000e+01,5.333644131808060251e+01,1.628699911883654394e+01,7.883325432945024147e+01
6.000000000000000000e+00,0.000000000000000000e+00,1.400000000000000000e+01,6.628208145103910454e+01,7.355219502165132894e+01,3.866109847078678996e+01
6.000000000000000000e+00,0.000000000000000000e+00,1.500000000000000000e+01,1.509254650010483445e+01,8.330104336829055001e+01,4.278205530371769072e+01
6.000000000000000000e+00,0.000000000000000000e+00,1.600000000000000000e+01,3.557845743112951453e+01,3.028796672564998360e+01,8.678901088481023862e+01
6.000000000000000000e+00,0.000000000000000000e+00,1.700000000000000000e+01,8.626602775020627689e+01,7.155592029792853737e+01,6.484086149346872219e+01
6.000000000000000000e+00,0.000000000000000000e+00,1.800000000000000000e+01,5.144423771945581336e+01,3.145506527261784413e+01,8.827062213857141160e+01
6.000000000000000000e+00,0.000000000000000000e+00,1.900000000000000000e+01,4.793068375551822413e+01,3.089596056436621652e+01,8.551876599009560209e+01
6.000000000000000000e+00,0.000000000000000000e+00,2.000000000000000000e+01,6.347350944551055107e+01,7.850356206321747266e+01,2.308808369576056663e+01
6.000000000000000000e+00,0.000000000000000000e+00,2.100000000000000000e+01,3.702159098619837607e+01,6.089735709872092428e+01,2.446292478665091252e+01
6.000000000000000000e+00,0.000000000000000000e+00,2.200000000000000000e+01,4.300876659316141826e+01,7.267114447681977651e+01,1.876406592501338366e+01
6.000000000000000000e+00,0.000000000000000000e+00,2.300000000000000000e+01,8.148446832153487662e+01,7.480781914233831742e+01,6.995900556311444518e+01
6.000000000000000000e+00,0.000000000000000000e+00,2.400000000000000000e+01,2.842029603849040598e+01,3.765969139840557744e+01,8.759773450449021936e+01
6.000000000000000000e+00,0.000000000000000000e+00,2.500000000000000000e+01,1.402757906736894000e+01,7.362091921974786146e+01,6.369688049688878095e+01
6.000000000000000000e+00,0.000000000000000000e+00,2.600000000000000000e+01,1.571552688289740018e+01,8.668807015633281310e+01,4.585775216026168266e+01
6.000000000000000000e+00,0.000000000000000000e+00,2.700000000000000000e+01,7.371100484027846278e+01,7.661593906549670407e+01,3.882954481470481056e+01
6.000000000000000000e+00,0.000000000000000000e+00,2.800000000000000000e+01,1.371163969925361314e+01,1.354552433025936864e+01,6.546242594754397714e+01
6.000000000000000000e+00,0.000000000000000000e+00,2.900000000000000000e+01,7.388656556639413964e+01,7.032243755297298549e+01,8.647639339970088201e+01
6.000000000000000000e+00,0.000000000000000000e+00,3.000000000000000000e+01,8.412431714799718918e+01,7.365756845680073184e+01,6.743462250926646107e+01
6.000000000000000000e+00,0.000000000000000000e+00,3.100000000000000000e+01,6.599849762251430718e+01,1.472495611909910629e+01,7.232517467734491845e+01
6.000000000000000000e+00,0.000000000000000000e+00,3.200000000000000000e+01,2.595902803020791794e+01,4.250755388216251163e+01,8.761425173352162687e+01
6.000000000000000000e+00,0.000000000000000000e+00,3.300000000000000000e+01,7.832297514041086117e+01,6.898819316475403696e+01,8.233752681316234145e+01
6.000000000000000000e+00,0.000000000000000000e+00,3.400000000000000000e+01,3.924646537044820604e+01,7.520663122174372006e+01,3.428442201237638898e+01
6.000000000000000000e+00,0.000000000000000000e+00,3.500000000000000000e+01,3.790432132051534353e+01,7.459463505083539303e+01,2.310841683402532354e+01
6.000000000000000000e+00,0.000000000000000000e+00,3.600000000000000000e+01,7.870210689486637534e+01,6.996488299326780691e+01,7.797419228111084522e+01
6.000000000000000000e+00,0.000000000000000000e+00,3.700000000000000000e+01,2.940292855052345899e+01,6.128480252003491557e+01,1.384199156768633188e+01
6.000000000000000000e+00,0.000000000000000000e+00,3.800000000000000000e+01,4.025315338997729242e+01,7.324713539012870456e+01,1.955839532379685863e+01
6.000000000000000000e+00,0.000000000000000000e+00,3.900000000000000000e+01,2.743984371232355457e+01,5.993628682653913131e+01,1.544843757116929694e+01
6.000000000000000000e+00,0.000000000000000000e+00,4.000000000000000000e+01,2.165472534571851071e+01,8.905034187808549007e+01,4.203817154280848456e+01
6.000000000000000000e+00,0.000000000000000000e+00,4.100000000000000000e+01,8.331205744645045286e+01,7.318344737258236421e+01,6.706226830680299145e+01
6.000000000000000000e+00,0.000000000000000000e+00,4.200000000000000000e+01,7.129552320931357201e+01,7.814924775397243195e+01,3.719145091129140468e+01
6.000000000000000000e+00,0.000000000000000000e+00,4.300000000000000000e+01,6.451197515368569668e+01,7.576449481515213336e+01,2.199999335295159142e+01
6.000000000000000000e+00,0.000000000000000000e+00,4.400000000000000000e+01,3.980137059525718257e+01,7.681172638348755299e+01,1.998002707691801660e+01
6.000000000000000000e+00,0.000000000000000000e+00,4.500000000000000000e+01,8.198345434230353135e+01,7.134948135193049268e+01,7.058411890557786705e+01
6.000000000000000000e+00,0.000000000000000000e+00,4.600000000000000000e+01,1.885230130011643013e+01,8.909053840241273292e+01,4.019293914144169122e+01
6.000000000000000000e+00,0.000000000000000000e+00,4.700000000000000000e+01,6.028773530283335447e+01,1.358922170764161841e+01,8.379871953565520926e+01
6.000000000000000000e+00,0.000000000000000000e+00,4.800000000000000000e+01,4.082099509727007813e+01,5.918291985809786127e+01,2.739195732646260595e+01
6.000000000000000000e+00,0.000000000000000000e+00,4.900000000000000000e+01,5.936822273659691263e+01,8.039031965134803670e+01,2.378867554147339547e+01
6.000000000000000000e+00,0.000000000000000000e+00,5.000000000000000000e+01,3.313403547787049064e+01,3.399775090658817334e+01,8.856932413354108746e+01
6.000000000000000000e+00,0.000000000000000000e+00,5.100000000000000000e+01,6.693383225942663728e+01,7.560584381653033859e+01,2.266784163540608787e+01
6.000000000000000000e+00,0.000000000000000000e+00,5.200000000000000000e+01,2.084283282564157602e+01,4.886465779113992625e+01,8.585330810689110592e+01
6.000000000000000000e+00,0.000000000000000000e+00,5.300000000000000000e+01,3.068721736744533857e+01,6.049877676786206848e+01,1.561982704689580181e+01
6.000000000000000000e+00,0.000000000000000000e+00,5.400000000000000000e+01,1.979669899931926835e+01,4.626948898410547173e+01,8.152172945828628770e+01
6.000000000000000000e+00,0.000000000000000000e+00,5.500000000000000000e+01,1.084379817327909912e+01,1.522898580112600264e+01,7.191963500464119363e+01
6.000000000000000000e+00,0.000000000000000000e+00,5.600000000000000000e+01,3.962630524525960851e+01,7.577556004892996100e+01,3.809188071523102082e+01
6.000000000000000000e+00,0.000000000000000000e+00,5.700000000000000000e+01,2.227885350385029639e+01,8.332518632305736617e+01,4.254640872793592621e+01
6.000000000000000000e+00,0.000000000000000000e+00,5.800000000000000000e+01,6.571460939555963421e+01,7.791377469634760189e+01,2.361940621856831157e+01
6.000000000000000000e+00,0.000000000000000000e+00,5.900000000000000000e+01,6.360220950341071955e+01,7.404595934054682971e+01,2.262493182360672606e+01
6.000000000000000000e+00,0.000000000000000000e+00,6.000000000000000000e+01,2.100667682312950291e+01,8.583830601673751914e+01,5.199721445209154069e+01
6.000000000000000000e+00,0.000000000000000000e+00,6.100000000000000000e+01,1.942066140170592803e+01,8.500722123038822531e+01,4.256648548879864791e+01
6.000000000000000000e+00,0.000000000000000000e+00,6.200000000000000000e+01,7.839112531115321758e+01,7.089844853612237330e+01,7.974173265264907684e+01
6.000000000000000000e+00,0.000000000000000000e+00,6.300000000000000000e+01,5.133427375734164855e+01,2.744826708973312535e+01,8.511507120196971243e+01
6.000000000000000000e+00,0.000000000000000000e+00,6.400000000000000000e+01,8.011077758206901933e+01,7.165961582587162582e+01,7.515051945332616867e+01
6.000000000000000000e+00,0.000000000000000000e+00,6.500000000000000000e+01,3.632320795460202589e+01,3.470831326977936726e+01,8.842417564960854293e+01
6.000000000000000000e+00,0.000000000000000000e+00,6.600000000000000000e+01,1.396080485197432175e+01,5.642112180157852208e+01,7.237830034536949597e+01
6.000000000000000000e+00,0.000000000000000000e+00,6.700000000000000000e+01,6.523928769700381736e+01,8.199282021760211592e+01,2.057379177007128845e+01
6.000000000000000000e+00,0.000000000000000000e+00,6.800000000000000000e+01,6.337704464590588316e+01,7.612402147132210928e+01,2.397440304428500113e+01
6.000000000000000000e+00,0.000000000000000000e+00,6.900000000000000000e+01,6.325860819407553493e+01,8.172624716136185441e+01,2.393189243023354251e+01
6.000000000000000000e+00,0.000000000000000000e+00,7.000000000000000000e+01,2.783144481475499177e+01,5.697414757644855854e+01,1.474497776709426056e+01
6.000000000000000000e+00,0.000000000000000000e+00,7.100000000000000000e+01,8.520646985915109894e+01,7.501531510715599893e+01,6.656679093245310241e+01
6.000000000000000000e+00,0.000000000000000000e+00,7.200000000000000000e+01,1.486637719388569145e+01,1.616354408739449156e+01,6.869608460255768989e+01
6.000000000000000000e+00,0.000000000000000000e+00,7.300000000000000000e+01,6.684723923342455976e+01,7.508998260770908928e+01,3.680092444104240457e+01
6.000000000000000000e+00,0.000000000000000000e+00,7.400000000000000000e+01,3.534738310367497149e+01,3.337265045208995673e+01,9.173411373409290093e+01
6.000000000000000000e+00,0.000000000000000000e+00,7.500000000000000000e+01,7.368681889262508378e+01,7.879527474361618999e+01,3.988622293029028043e+01
6.000000000000000000e+00,0.000000000000000000e+00,7.600000000000000000e+01,4.286677934652632871e+01,7.224318404729729082e+01,2.226063252005407733e+01
6.000000000000000000e+00,0.000000000000000000e+00,7.700000000000000000e+01,6.701134035040254844e+01,7.932982249259077889e+01,2.177728736916911600e+01
6.000000000000000000e+00,0.000000000000000000e+00,7.800000000000000000e+01,6.729816124972261093e+01,8.292583069585275268e+01,2.417525140262336691e+01
6.000000000000000000e+00,0.000000000000000000e+00,7.900000000000000000e+01,5.689404804210759181e+01,1.606999388682520902e+01,8.322726180414217367e+01
6.000000000000000000e+00,0.000000000000000000e+00,8.000000000000000000e+01,1.194808001023841726e+01,1.613515843678791484e+01,6.746282638603476300e+01
6.000000000000000000e+00,0.000000000000000000e+00,8.100000000000000000e+01,8.815226256201803778e+01,7.652368745575959963e+01,6.608497882218921404e+01
6.000000000000000000e+00,0.000000000000000000e+00,8.200000000000000000e+01,4.661454403536622948e+01,3.130641823006880742e+01,8.715846608873995649e+01
6.000000000000000000e+00,0.000000000000000000e+00,8.300000000000000000e+01,8.165925200859760480e+01,7.259835709833546957e+01,7.534270082025814474e+01
6.000000000000000000e+00,0.000000000000000000e+00,8.400000000000000000e+01,8.279076940790244521e+01,7.582656240701788875e+01,6.572834366348499202e+01
6.000000000000000000e+00,0.000000000000000000e+00,8.500000000000000000e+01,8.119898889726917446e+01,7.460794871829132546e+01,6.581735021038275590e+01
6.000000000000000000e+00,0.000000000000000000e+00,8.600000000000000000e+01,2.869360553531054236e+01,5.756876272902476899e+01,1.735240783653605234e+01
6.000000000000000000e+00,0.000000000000000000e+00,8.700000000000000000e+01,8.072757747335165845e+01,7.112339827433785899e+01,7.988930104414647815e+01
6.000000000000000000e+00,0.000000000000000000e+00,8.800000000000000000e+01,4.419115889566522526e+01,6.654916214668034513e+01,2.407493299676635701e+01
6.000000000000000000e+00,0.000000000000000000e+00,8.900000000000000000e+01,6.903368973675162579e+01,1.174522847409784632e+01,7.390683224390173223e+01
6.000000000000000000e+00,0.000000000000000000e+00,9.000000000000000000e+01,1.743492660677330974e+01,9.032988706439030580e+01,4.433218015887277375e+01
6.000000000000000000e+00,0.000000000000000000e+00,9.100000000000000000e+01,1.631586620936487719e+01,1.495578408826233563e+01,7.216715469985295783e+01
6.000000000000000000e+00,0.000000000000000000e+00,9.200000000000000000e+01,6.476364966893946473e+01,1.760310747857888103e+01,7.834478961647566564e+01
6.000000000000000000e+00,0.000000000000000000e+00,9.300000000000000000e+01,5.102910013459481320e+01,1.907809360926593456e+01,7.741149090564137225e+01
6.000000000000000000e+00,0.000000000000000000e+00,9.400000000000000000e+01,4.159611053865302210e+01,7.392619216382473724e+01,3.833234593632047904e+01
6.000000000000000000e+00,0.000000000000000000e+00,9.500000000000000000e+01,2.228055104831064170e+01,8.328620034641167535e+01,4.817587206380327558e+01
6.000000000000000000e+00,0.000000000000000000e+00,9.600000000000000000e+01,2.881518211265863982e+01,6.177047928375459662e+01,1.681635979971833095e+01
6.000000000000000000e+00,0.000000000000000000e+00,9.700000000000000000e+01,5.377604325575766353e+01,1.257114912633485204e+01,7.967163177980440025e+01
6.000000000000000000e+00,0.000000000000000000e+00,9.800000000000000000e+01,2.883336620412955753e+01,6.030449574850620564e+01,1.469450864779604871e+01
6.000000000000000000e+00,0.000000000000000000e+00,9.900000000000000000e+01,6.199889900633954198e+01,1.484193097409765016e+01,8.003686558319714095e+01
6.000000000000000000e+00,0.000000000000000000e+00,1.000000000000000000e+02,7.028335711235727956e+01,7.663047151375980093e+01,3.841212575835533016e+01
6.000000000000000000e+00,0.000000000000000000e+00,1.010000000000000000e+02,1.724479382608392442e+01,8.807480327487850502e+01,4.335263128939973853e+01
6.000000000000000000e+00,0.000000000000000000e+00,1.020000000000000000e+02,3.290608883045270971e+01,6.155635151749908829e+01,1.934208871503777871e+01
6.000000000000000000e+00,0.000000000000000000e+00,1.030000000000000000e+02,4.224131176746606542e+01,7.031328530231257901e+01,2.444019679485615271e+01
6.000000000000000000e+00,0.000000000000000000e+00,1.040000000000000000e+02,6.859213661757848968e+01,7.391195388810771760e+01,3.805129048371329503e+01
6.000000000000000000e+00,0.000000000000000000e+00,1.050000000000000000e+02,3.888555864736846956e+01,7.201860614533214289e+01,3.704640320990520053e+01
6.000000000000000000e+00,0.000000000000000000e+00,1.060000000000000000e+02,3.840295895671397375e+01,7.181181674615324084e+01,2.201389757600648522e+01
6.000000000000000000e+00,0.000000000000000000e+00,1.070000000000000000e+02,1.853366673020888911e+01,8.128573191071998849e+01,4.261011654044714447e+01
6.000000000000000000e+00,0.000000000000000000e+00,1.080000000000000000e+02,3.409525851645239669e+01,7.692664113722651109e+01,4.036254026010488616e+01
6.000000000000000000e+00,0.000000000000000000e+00,1.090000000000000000e+02,6.203851256588398400e+01,7.930928543652017026e+01,2.490010416469822374e+01
6.000000000000000000e+00,0.000000000000000000e+00,1.100000000000000000e+02,4.759401518354077609e+01,2.821073564403286227e+01,8.848252268952285249e+01
6.000000000000000000e+00,0.000000000000000000e+00,1.110000000000000000e+02,6.653249292984604324e+01,7.194623655639688309e+01,4.086373081860493528e+01
6.000000000000000000e+00,0.000000000000000000e+00,1.120000000000000000e+02,4.001075483786608800e+01,6.805672205272979625e+01,2.657629211790734658e+01
6.000000000000000000e+00,0.000000000000000000e+00,1.130000000000000000e+02,6.461144789870027694e+01,7.937830110143242734e+01,2.118193554232215803e+01
6.000000000000000000e+00,0.000000000000000000e+00,1.140000000000000000e+02,2.509078509173347626e+01,8.709260745897331901e+01,4.705396569413104402e+01
6.000000000000000000e+00,0.000000000000000000e+00,1.150000000000000000e+02,1.302388429646823020e+01,1.420581154017231640e+01,6.840899750205919361e+01
6.000000000000000000e+00,0.000000000000000000e+00,1.160000000000000000e+02,3.155625249138645572e+01,5.670551820017212918e+01,1.786729260481408943e+01
6.000000000000000000e+00,0.000000000000000000e+00,1.170000000000000000e+02,8.230497181645681337e+01,7.750428693313911310e+01,6.588857532189929600e+01
6.000000000000000000e+00,0.000000000000000000e+00,1.180000000000000000e+02,3.220069327889188315e+01,3.488168984736200429e+01,8.630795426578995944e+01
6.000000000000000000e+00,0.000000000000000000e+00,1.190000000000000000e+02,4.648350735684151402e+01,2.751762710389005306e+01,8.343807455081194746e+01
6.000000000000000000e+00,0.000000000000000000e+00,1.200000000000000000e+02,6.310677500597861922e+01,1.032067622897990233e+01,7.934836610508766341e+01
6.000000000000000000e+00,0.000000000000000000e+00,1.210000000000000000e+02,6.645197994638358807e+01,7.537467219750236325e+01,4.116806906684891487e+01
6.000000000000000000e+00,0.000000000000000000e+00,1.220000000000000000e+02,8.291594055999231827e+00,1.615061638251398790e+01,7.343544857476365451e+01
6.000000000000000000e+00,0.000000000000000000e+00,1.230000000000000000e+02,4.284505397524599601e+01,2.936338306241801277e+01,8.690852788183438804e+01
6.000000000000000000e+00,0.000000000000000000e+00,1.240000000000000000e+02,3.946946711032649091e+01,3.267220904813177640e+01,8.838416171770208507e+01
6.000000000000000000e+00,0.000000000000000000e+00,1.250000000000000000e+02,7.720667308479227131e+01,7.057032235875082904e+01,8.363632558204085399e+01
6.000000000000000000e+00,0.000000000000000000e+00,1.260000000000000000e+02,7.202512358268565151e+01,7.747102642217092239e+01,4.187487563825194314e+01
6.000000000000000000e+00,0.000000000000000000e+00,1.270000000000000000e+02,4.157564192367012623e+01,7.469541188150607525e+01,4.120252013067561592e+01
6.000000000000000000e+00,0.000000000000000000e+00,1.280000000000000000e+02,4.403065374462918413e+01,3.287402737025744415e+01,8.815882958878277975e+01
6.000000000000000000e+00,0.000000000000000000e+00,1.290000000000000000e+02,3.837349910190226154e+01,7.015915562787631643e+01,2.446396066184707507e+01
6.000000000000000000e+00,0.000000000000000000e+00,1.300000000000000000e+02,1.728347649982785583e+01,1.750895823656470185e+01,6.786262209857788719e+01
6.000000000000000000e+00,0.000000000000000000e+00,1.310000000000000000e+02,9.277608883840482434e+00,1.434132790626558318e+01,6.884606960594202008e+01
6.000000000000000000e+00,0.000000000000000000e+00,1.320000000000000000e+02,2.918722897357272572e+01,3.642931260063099330e+01,8.330226371911692240e+01
6.000000000000000000e+00,0.000000000000000000e+00,1.330000000000000000e+02,2.017163786872325204e+01,8.609634657445771211e+01,4.525104836287656696e+01
6.000000000000000000e+00,0.000000000000000000e+00,1.340000000000000000e+02,1.117189722395566953e+01,1.388831501415371328e+01,6.597902263737286432e+01
6.000000000000000000e+00,0.000000000000000000e+00,1.350000000000000000e+02,6.909678403552619841e+01,1.532206437095230989e+01,7.360316385334267864e+01
6.000000000000000000e+00,0.000000000000000000e+00,1.360000000000000000e+02,5.971853109457675401e+01,1.732554959098337832e+01,8.349711531957160560e+01
6.000000000000000000e+00,0.000000000000000000e+00,1.370000000000000000e+02,4.229819426915342007e+01,7.206070594483735192e+01,3.888695576653464059e+01
6.000000000000000000e+00,0.000000000000000000e+00,1.380000000000000000e+02,5.346323287428816684e+01,1.958967960619022719e+01,7.274752880400588140e+01
6.000000000000000000e+00,0.000000000000000000e+00,1.390000000000000000e+02,3.969533051753071362e+01,6.662257530443535813e+01,2.936338052195992532e+01
6.000000000000000000e+00,0.000000000000000000e+00,1.400000000000000000e+02,1.164015406765536476e+01,1.639201712733281013e+01,6.937824575743353250e+01
6.000000000000000000e+00,0.000000000000000000e+00,1.410000000000000000e+02,4.257335982718715428e+01,7.243262702038032330e+01,3.609428520587918143e+01
6.000000000000000000e+00,0.000000000000000000e+00,1.420000000000000000e+02,6.863917736033812389e+01,7.733468979351229677e+01,4.089070953321620294e+01
6.000000000000000000e+00,0.000000000000000000e+00,1.430000000000000000e+02,3.952971301179949393e+01,7.199265218923008547e+01,3.887001876402191414e+01
6.000000000000000000e+00,0.000000000000000000e+00,1.440000000000000000e+02,1.375284265003411122e+01,1.610509599328919705e+01,6.634468174467895096e+01
6.000000000000000000e+00,0.000000000000000000e+00,1.450000000000000000e+02,6.428253836833242474e+01,8.350429449618314948e+01,2.231729617658211495e+01
6.000000000000000000e+00,0.000000000000000000e+00,1.460000000000000000e+02,1.947958678853768788e+01,9.267504427575748593e+01,4.200650696808514084e+01
6.000000000000000000e+00,0.000000000000000000e+00,1.470000000000000000e+02,7.563759162981148165e+01,7.857880106217190530e+01,3.811280903314111868e+01
6.000000000000000000e+00,0.000000000000000000e+00,1.480000000000000000e+02,4.151308466323850155e+01,7.071911300266187084e+01,2.887023088127868320e+01
6.000000000000000000e+00,0.000000000000000000e+00,1.490000000000000000e+02,6.548572791187292808e+01,1.679005209942884491e+01,7.417096042348789808e+01
6.000000000000000000e+00,0.000000000000000000e+00,1.500000000000000000e+02,5.509063750260360592e+01,1.774730709900224568e+01,8.447734244514404622e+01
6.000000000000000000e+00,0.000000000000000000e+00,1.510000000000000000e+02,6.429436447924759079e+01,1.265949610693952820e+01,7.583477713718691859e+01
6.000000000000000000e+00,0.000000000000000000e+00,1.520000000000000000e+02,2.709215787682029841e+01,6.248663159815878743e+01,1.503989088163780430e+01
6.000000000000000000e+00,0.000000000000000000e+00,1.530000000000000000e+02,6.715191855678597221e+01,7.710638508606392350e+01,3.861249061105085190e+01
6.000000000000000000e+00,0.000000000000000000e+00,1.540000000000000000e+02,5.642928037383693152e+01,1.208521376843441786e+01,8.433377183053504211e+01
6.000000000000000000e+00,0.000000000000000000e+00,1.550000000000000000e+02,4.250368175839202678e+01,6.692859462628059930e+01,2.804852041239713145e+01
6.000000000000000000e+00,0.000000000000000000e+00,1.560000000000000000e+02,5.640588204774215342e+01,1.828436468461388742e+01,8.016361721036136601e+01
6.000000000000000000e+00,0.000000000000000000e+00,1.570000000000000000e+02,6.751420646418398519e+01,1.373802366887725412e+01,7.858690278958766839e+01
6.000000000000000000e+00,0.000000000000000000e+00,1.580000000000000000e+02,5.684851001394177672e+01,1.451372393805447913e+01,7.781297097302571331e+01
6.000000000000000000e+00,0.000000000000000000e+00,1.590000000000000000e+02,3.673098974618417856e+01,6.536011743707786081e+01,2.677074012505414657e+01
6.000000000000000000e+00,0.000000000000000000e+00,1.600000000000000000e+02,6.123425496512953004e+01,8.195813262238452523e+01,2.537988280671283192e+01
6.000000000000000000e+00,0.000000000000000000e+00,1.610000000000000000e+02,3.738690795744114581e+01,6.243900847654053621e+01,2.790173286475201664e+01
6.000000000000000000e+00,0.000000000000000000e+00,1.620000000000000000e+02,2.539198459658681273e+01,3.967319300143348926e+01,8.368074805035996633e+01
6.000000000000000000e+00,0.000000000000000000e+00,1.630000000000000000e+02,6.850952474331801056e+01,1.796070784881350235e+01,7.134494680447326687e+01
6.000000000000000000e+00,0.000000000000000000e+00,1.640000000000000000e+02,7.188939819938627807e+01,1.471475442905793862e+01,7.019590878684485347e+01
6.000000000000000000e+00,0.000000000000000000e+00,1.650000000000000000e+02,3.071328496994770418e+01,3.297450359243948270e+01,8.610542962091101060e+01
6.000000000000000000e+00,0.000000000000000000e+00,1.660000000000000000e+02,8.433603753842004380e+01,7.456552030566297162e+01,6.561965029591225118e+01
6.000000000000000000e+00,0.000000000000000000e+00,1.670000000000000000e+02,1.741831782380001314e+01,7.921505683493028016e+01,4.091540291996392398e+01
6.000000000000000000e+00,0.000000000000000000e+00,1.680000000000000000e+02,6.126795217915931602e+01,7.692679152629455075e+01,2.342966978402143141e+01
6.000000000000000000e+00,0.000000000000000000e+00,1.690000000000000000e+02,2.085254115236102024e+01,8.994290194404919703e+01,4.489792525740673312e+01
6.000000000000000000e+00,0.000000000000000000e+00,1.700000000000000000e+02,4.012337398322590332e+01,6.216052860608208164e+01,2.529506486067514004e+01
6.000000000000000000e+00,0.000000000000000000e+00,1.710000000000000000e+02,2.258842770414745260e+01,8.577978778773983493e+01,4.125347421151951011e+01
6.000000000000000000e+00,0.000000000000000000e+00,1.720000000000000000e+02,5.913566779352654379e+01,1.328700210801055270e+01,8.189539063478389380e+01
6.000000000000000000e+00,0.000000000000000000e+00,1.730000000000000000e+02,3.744868804026199882e+01,7.550326805025279953e+01,4.162787330784815509e+01
6.000000000000000000e+00,0.000000000000000000e+00,1.740000000000000000e+02,4.467001953068724873e+01,7.061132543273153317e+01,2.700132619831301284e+01
6.000000000000000000e+00,0.000000000000000000e+00,1.750000000000000000e+02,5.250703867341949405e+01,1.503884669833978727e+01,7.531406260995552771e+01
6.000000000000000000e+00,0.000000000000000000e+00,1.760000000000000000e+02,1.335816225807015734e+01,1.408682713905100847e+01,7.093935192111473498e+01
6.000000000000000000e+00,0.000000000000000000e+00,1.770000000000000000e+02,1.424000157702788627e+01,1.636639347977234138e+01,7.059025156842173487e+01
6.000000000000000000e+00,0.000000000000000000e+00,1.780000000000000000e+02,8.387366359047706510e+01,7.672416247058895067e+01,6.419037247280192560e+01
6.000000000000000000e+00,0.000000000000000000e+00,1.790000000000000000e+02,4.308286144190876854e+01,6.272096618156134440e+01,2.625395945792559615e+01
6.000000000000000000e+00,0.000000000000000000e+00,1.800000000000000000e+02,4.305483068438078220e+01,7.465824134492339681e+01,3.638099677922907205e+01
6.000000000000000000e+00,0.000000000000000000e+00,1.810000000000000000e+02,5.272462358820440187e+01,1.701798108446683955e+01,8.212402569936092789e+01
6.000000000000000000e+00,0.000000000000000000e+00,1.820000000000000000e+02,8.598378769883429129e+01,7.611152850464711150e+01,6.476880626332832946e+01
6.000000000000000000e+00,0.000000000000000000e+00,1.830000000000000000e+02,3.957021916540219308e+01,3.593312859796136394e+01,8.974088477668843211e+01
6.000000000000000000e+00,0.000000000000000000e+00,1.840000000000000000e+02,3.205360898002354020e+01,5.911992997616374623e+01,1.555483344380331090e+01
6.000000000000000000e+00,0.000000000000000000e+00,1.850000000000000000e+02,4.113278904822438165e+01,7.317015782767960275e+01,2.601722444928868683e+01
6.000000000000000000e+00,0.000000000000000000e+00,1.860000000000000000e+02,4.045016036506184776e+01,7.284883568763395090e+01,3.493568784429232466e+01
6.000000000000000000e+00,0.000000000000000000e+00,1.870000000000000000e+02,8.659965063395853235e+01,7.429643795902880754e+01,6.617862299089850353e+01
6.000000000000000000e+00,0.000000000000000000e+00,1.880000000000000000e+02,7.697646194293257338e+01,7.032969730388998642e+01,8.219996091284926365e+01
6.000000000000000000e+00,0.000000000000000000e+00,1.890000000000000000e+02,4.211754318970589139e+01,6.760075388246008288e+01,2.545437468034649342e+01
6.000000000000000000e+00,0.000000000000000000e+00,1.900000000000000000e+02,5.928562234988098822e+01,1.837787486640903367e+01,8.012108935722694980e+01
6.000000000000000000e+00,0.000000000000000000e+00,1.910000000000000000e+02,1.802716594417654861e+01,8.326979277569189719e+01,4.571894800068450593e+01
6.000000000000000000e+00,0.000000000000000000e+00,1.920000000000000000e+02,6.858098559065622624e+01,7.386847984164400316e+01,4.292018712018608539e+01
6.000000000000000000e+00,0.000000000000000000e+00,1.930000000000000000e+02,6.851875175641559679e+01,1.359174081136807288e+01,7.045548095959830448e+01
6.000000000000000000e+00,0.000000000000000000e+00,1.940000000000000000e+02,7.741926725824211530e+01,6.627385122468167822e+01,8.610290004200604130e+01
6.000000000000000000e+00,0.000000000000000000e+00,1.950000000000000000e+02,4.179406893156340175e+01,7.457978381095095699e+01,2.234251903130519779e+01
6.000000000000000000e+00,0.000000000000000000e+00,1.960000000000000000e+02,1.122127904986332148e+01,1.405008957740862030e+01,6.842403369381580092e+01
6.000000000000000000e+00,0.000000000000000000e+00,1.970000000000000000e+02,7.205113305079723318e+01,7.580852795983724945e+01,4.070377991821857222e+01
6.000000000000000000e+00,0.000000000000000000e+00,1.980000000000000000e+02,3.947766707070596226e+01,4.188992845223854999e+01,9.130468833529890560e+01
6.000000000000000000e+00,0.000000000000000000e+00,1.990000000000000000e+02,5.549461924559542325e+01,1.775198552515970718e+01,7.676769042407492805e+01
7.000000000000000000e+00,0.000000000000000000e+00,0.000000000000000000e+00,7.367357901151950728e+01,8.781730218330055493e+01,3.250138544625836801e+01
7.000000000000000000e+00,0.000000000000000000e+00,1.000000000000000000e+00,8.644305116049579851e+01,7.600282480610874813e+01,4.174600869408060078e+01
7.000000000000000000e+00,0.000000000000000000e+00,2.000000000000000000e+00,2.407771464280811102e+01,4.455717262468366613e+01,8.551721392362933827e+00
7.000000000000000000e+00,0.000000000000000000e+00,3.000000000000000000e+00,9.012559401061319875e+01,5.052382005014202093e+01,5.353624112057713269e+00
7.000000000000000000e+00,0.000000000000000000e+00,4.000000000000000000e+00,7.538070734166953457e+01,9.075292876354495775e+01,3.311228582177272983e+01
7.000000000000000000e+00,0.000000000000000000e+00,5.000000000000000000e+00,4.319245147202764201e+01,5.838635309112668814e+00,3.418846711013022599e+01
7.000000000000000000e+00,0.000000000000000000e+00,6.000000000000000000e+00,1.348891902484275285e+01,9.128225518064893151e+01,5.202592865780472664e+01
7.000000000000000000e+00,0.000000000000000000e+00,7.000000000000000000e+00,5.595421668587322017e+01,1.470964830834376613e+01,9.202322889899090796e+01
7.000000000000000000e+00,0.000000000000000000e+00,8.000000000000000000e+00,1.281988232741087330e+01,8.715515959634691967e+01,6.801373581378148003e+01
7.000000000000000000e+00,0.000000000000000000e+00,9.000000000000000000e+00,6.504021207068799981e+01,6.312817167845756750e+00,6.625764473837620017e+01
7.000000000000000000e+00,0.000000000000000000e+00,1.000000000000000000e+01,8.135458372525443238e+00,7.576629091312240405e+01,5.393289132582725642e+01
7.000000000000000000e+00,0.000000000000000000e+00,1.100000000000000000e+01,9.188024816226342750e+01,5.151755181503640557e+01,5.858296659904031145e+00
7.000000000000000000e+00,0.000000000000000000e+00,1.200000000000000000e+01,1.124753397440868596e+01,9.413759100890591469e+01,4.500248223073401732e+01
7.000000000000000000e+00,0.000000000000000000e+00,1.300000000000000000e+01,8.599846330549851814e+01,8.099613383826269342e+01,4.099246398519810697e+01
7.000000000000000000e+00,0.000000000000000000e+00,1.400000000000000000e+01,1.236734663394832978e+01,7.777104608616231474e+01,5.608699294452692641e+01
7.000000000000000000e+00,0.000000000000000000e+00,1.500000000000000000e+01,7.395481956694982273e+01,8.778551744640456889e+01,3.010491978383742762e+01
7.000000000000000000e+00,0.000000000000000000e+00,1.600000000000000000e+01,8.881350108037392488e+01,4.980593426079785502e+01,7.132422188862219237e+00
7.000000000000000000e+00,0.000000000000000000e+00,1.700000000000000000e+01,8.461414409638960521e+00,8.831192106958526722e+01,7.309747377572894322e+01
7.000000000000000000e+00,0.000000000000000000e+00,1.800000000000000000e+01,6.527445237755570417e+01,1.588567167145373027e+01,9.077535333951399821e+01
7.000000000000000000e+00,0.000000000000000000e+00,1.900000000000000000e+01,8.243485302208929610e+00,7.716448098935083522e+01,5.674903839115143001e+01
7.000000000000000000e+00,0.000000000000000000e+00,2.000000000000000000e+01,7.941312187672265566e+01,8.910403151175206915e+01,3.460189079539821932e+01
7.000000000000000000e+00,0.000000000000000000e+00,2.100000000000000000e+01,9.551200901430368262e+00,7.455819362699233466e+01,5.782387844437261748e+01
7.000000000000000000e+00,0.000000000000000000e+00,2.200000000000000000e+01,2.244327524014547137e+01,4.158294255745445156e+01,8.257812803329523277e+00
7.000000000000000000e+00,0.000000000000000000e+00,2.300000000000000000e+01,8.393445432344156742e+00,8.468289884230281928e+01,6.776616648019307831e+01
7.000000000000000000e+00,0.000000000000000000e+00,2.400000000000000000e+01,6.400291048706846198e+01,7.874850648376988893e+00,8.979511574521488626e+01
7.000000000000000000e+00,0.000000000000000000e+00,2.500000000000000000e+01,7.560550516667488807e+01,8.944260641196740380e+01,2.977913576745466528e+01
7.000000000000000000e+00,0.000000000000000000e+00,2.600000000000000000e+01,5.868989287892978268e+01,7.200506620436024185e+00,9.134947253253865540e+01
7.000000000000000000e+00,0.000000000000000000e+00,2.700000000000000000e+01,6.733267415921635290e+01,1.615644738402748004e+01,8.864599237485163030e+01
7.000000000000000000e+00,0.000000000000000000e+00,2.800000000000000000e+01,1.064168924597826127e+01,8.809839556189147913e+01,6.237663829254919534e+01
7.000000000000000000e+00,0.000000000000000000e+00,2.900000000000000000e+01,9.570229807000337985e+00,8.387142989638985568e+01,6.574788940351872668e+01
7.000000000000000000e+00,0.000000000000000000e+00,3.000000000000000000e+01,2.166440979449979309e+01,4.635497697167221531e+01,8.152648730382924924e+00
7.000000000000000000e+00,0.000000000000000000e+00,3.100000000000000000e+01,2.248844994503597405e+01,4.848991729782789406e+01,8.697863755200700098e+00
7.000000000000000000e+00,0.000000000000000000e+00,3.200000000000000000e+01,1.070985547929291215e+01,8.068776371796155900e+01,5.237228296245308456e+01
7.000000000000000000e+00,0.000000000000000000e+00,3.300000000000000000e+01,3.696117220318683394e+01,7.240253579000866857e+00,3.065551936905237085e+01
7.000000000000000000e+00,0.000000000000000000e+00,3.400000000000000000e+01,8.094134899943238537e+00,8.002529021977360912e+01,5.501622295250486161e+01
7.000000000000000000e+00,0.000000000000000000e+00,3.500000000000000000e+01,6.095150117365059117e+01,1.167821821555913964e+01,9.120743741978827757e+01
7.000000000000000000e+00,0.000000000000000000e+00,3.600000000000000000e+01,4.400713621675057396e+01,7.340078874780214591e+00,3.613235442017238341e+01
7.000000000000000000e+00,0.000000000000000000e+00,3.700000000000000000e+01,1.133358787238184462e+01,9.440109686811800316e+01,5.157052555240042579e+01
7.000000000000000000e+00,0.000000000000000000e+00,3.800000000000000000e+01,7.369094881232197736e+01,9.054990772982344538e+01,3.004925806215678463e+01
7.000000000000000000e+00,0.000000000000000000e+00,3.900000000000000000e+01,2.221687163095360873e+01,2.099832881719846966e+01,3.645779291941665434e+01
7.000000000000000000e+00,0.000000000000000000e+00,4.000000000000000000e+01,5.370349670007984599e+01,1.265496071189972227e+01,9.176975313334666851e+01
7.000000000000000000e+00,0.000000000000000000e+00,4.100000000000000000e+01,9.193529912250280489e+00,8.497125163222202104e+01,7.009668100119029077e+01
7.000000000000000000e+00,0.000000000000000000e+00,4.200000000000000000e+01,6.699067188652885818e+01,1.220581830900265707e+01,8.820612973890504804e+01
7.000000000000000000e+00,0.000000000000000000e+00,4.300000000000000000e+01,6.759739567979890396e+00,7.821953089944751980e+01,5.922376106233488713e+01
7.000000000000000000e+00,0.000000000000000000e+00,4.400000000000000000e+01,6.349085445914541026e+01,1.060646301929018698e+01,8.619788492256965640e+01
7.000000000000000000e+00,0.000000000000000000e+00,4.500000000000000000e+01,7.056656582991494986e+01,1.892873193006964883e+01,8.549574227455833864e+01
7.000000000000000000e+00,0.000000000000000000e+00,4.600000000000000000e+01,2.079339389569550178e+01,2.750412156596911473e+01,2.765719260749115094e+01
7.000000000000000000e+00,0.000000000000000000e+00,4.700000000000000000e+01,7.536237831510196372e+01,2.457600584315796510e+01,8.545145720971520120e+01
7.000000000000000000e+00,0.000000000000000000e+00,4.800000000000000000e+01,4.052399867293148361e+01,5.639534268862779420e+00,3.335590088911219198e+01
7.000000000000000000e+00,0.000000000000000000e+00,4.900000000000000000e+01,1.016818735068338242e+01,7.599990592958337743e+01,5.495722557182520518e+01
7.000000000000000000e+00,0.000000000000000000e+00,5.000000000000000000e+01,1.307726678931255471e+01,9.326344505995766099e+01,5.032388388213534114e+01
7.000000000000000000e+00,0.000000000000000000e+00,5.100000000000000000e+01,9.597978621024839896e+00,7.914554857811064892e+01,5.614544804627567487e+01
7.000000000000000000e+00,0.000000000000000000e+00,5.200000000000000000e+01,4.251232907294070174e+01,7.821124306804899895e+00,2.817809871425930623e+01
7.000000000000000000e+00,0.000000000000000000e+00,5.300000000000000000e+01,1.237515613689433991e+01,7.042566875158966866e+01,5.086518579150766328e+01
7.000000000000000000e+00,0.000000000000000000e+00,5.400000000000000000e+01,2.558178727061505242e+01,2.337144100659286394e+01,2.369815491634579985e+01
7.000000000000000000e+00,0.000000000000000000e+00,5.500000000000000000e+01,8.042539655259361098e+01,8.672837673121590285e+01,3.469828517673565216e+01
7.000000000000000000e+00,0.000000000000000000e+00,5.600000000000000000e+01,3.977146598289653667e+01,8.900702278489770691e+00,3.442920814729747292e+01
7.000000000000000000e+00,0.000000000000000000e+00,5.700000000000000000e+01,7.319820986117380812e+01,2.328288665768853960e+01,7.854903784071801454e+01
7.000000000000000000e+00,0.000000000000000000e+00,5.800000000000000000e+01,8.151419070907344633e+00,7.295909884896323661e+01,5.135834335308608445e+01
7.000000000000000000e+00,0.000000000000000000e+00,5.900000000000000000e+01,8.777515995665241633e+01,5.302314488568904949e+01,1.132593315415699919e+01
7.000000000000000000e+00,0.000000000000000000e+00,6.000000000000000000e+01,1.080354417688413271e+01,9.361178288014055227e+01,5.374338801104408958e+01
7.000000000000000000e+00,0.000000000000000000e+00,6.100000000000000000e+01,2.066074585836228295e+01,2.814979450331437505e+01,2.450125032228944022e+01
7.000000000000000000e+00,0.000000000000000000e+00,6.200000000000000000e+01,6.271133454889280756e+01,7.708742561395936832e+00,8.924961132650743423e+01
7.000000000000000000e+00,0.000000000000000000e+00,6.300000000000000000e+01,2.306337591056691849e+01,4.500152035692325114e+01,6.913858429591510202e+00
7.000000000000000000e+00,0.000000000000000000e+00,6.400000000000000000e+01,1.817008474590534561e+01,2.780722820901454995e+01,2.085939903353981251e+01
7.000000000000000000e+00,0.000000000000000000e+00,6.500000000000000000e+01,4.008279341423230591e+01,7.246851290184963545e+00,2.949349534725528699e+01
7.000000000000000000e+00,0.000000000000000000e+00,6.600000000000000000e+01,6.304759867741323376e+01,1.435775124868467145e+01,8.989750569492237275e+01
7.000000000000000000e+00,0.000000000000000000e+00,6.700000000000000000e+01,6.120691521630959642e+01,9.108439343957751788e+00,9.176372135705526034e+01
7.000000000000000000e+00,0.000000000000000000e+00,6.800000000000000000e+01,8.691928467822663151e+01,5.348229955731488161e+01,6.409196827198247348e+00
7.000000000000000000e+00,0.000000000000000000e+00,6.900000000000000000e+01,8.884634384572125043e+01,5.026099312097892380e+01,8.434702204499936684e+00
7.000000000000000000e+00,0.000000000000000000e+00,7.000000000000000000e+01,2.150670620822980084e+01,4.370569683480603373e+01,7.105605511745958225e+00
7.000000000000000000e+00,0.000000000000000000e+00,7.100000000000000000e+01,5.949127284930757043e+01,1.651685116029392475e+01,9.297160740031696946e+01
7.000000000000000000e+00,0.000000000000000000e+00,7.200000000000000000e+01,2.183498611861040217e+01,4.633160623533346012e+01,6.328762265605680781e+00
7.000000000000000000e+00,0.000000000000000000e+00,7.300000000000000000e+01,2.369791241320728048e+01,4.446666852719130247e+01,6.645626888201286775e+00
7.000000000000000000e+00,0.000000000000000000e+00,7.400000000000000000e+01,1.101661180009948815e+01,8.934572554104637732e+01,5.685751214254141672e+01
7.000000000000000000e+00,0.000000000000000000e+00,7.500000000000000000e+01,7.302910978968505162e+01,1.852320460487156240e+01,8.245486282317128257e+01
7.000000000000000000e+00,0.000000000000000000e+00,7.600000000000000000e+01,6.970572200922003958e+01,1.563967187010291582e+01,8.241378039236631992e+01
7.000000000000000000e+00,0.000000000000000000e+00,7.700000000000000000e+01,1.052631507388551313e+01,8.059078908422181087e+01,5.768628024127018250e+01
7.000000000000000000e+00,0.000000000000000000e+00,7.800000000000000000e+01,1.845697765630920273e+01,2.004185872406908331e+01,2.848133000975780149e+01
7.000000000000000000e+00,0.000000000000000000e+00,7.900000000000000000e+01,8.607413093808779081e+01,5.635759800022061938e+01,8.672203045630102025e+00
7.000000000000000000e+00,0.000000000000000000e+00,8.000000000000000000e+01,6.788018183348792434e+01,1.344575396137479295e+01,9.021246591613594035e+01
7.000000000000000000e+00,0.000000000000000000e+00,8.100000000000000000e+01,1.739563505207962990e+01,4.786152875586753197e+01,5.955797781022912574e+00
7.000000000000000000e+00,0.000000000000000000e+00,8.200000000000000000e+01,1.974791572507363924e+01,4.715967361721923368e+01,7.698327639490547547e+00
7.000000000000000000e+00,0.000000000000000000e+00,8.300000000000000000e+01,2.194792714467675410e+01,2.232265411963901158e+01,2.900438931854639080e+01
7.000000000000000000e+00,0.000000000000000000e+00,8.400000000000000000e+01,8.333449140336136907e+01,8.212543068104599797e+01,3.281369519316540107e+01
7.000000000000000000e+00,0.000000000000000000e+00,8.500000000000000000e+01,1.124238017371673770e+01,8.665300952117731015e+01,6.946679635300635880e+01
7.000000000000000000e+00,0.000000000000000000e+00,8.600000000000000000e+01,1.227272280245953695e+01,9.319251534800713443e+01,5.432058965562320196e+01
7.000000000000000000e+00,0.000000000000000000e+00,8.700000000000000000e+01,6.070696990276913851e+01,1.570283025433087154e+01,9.149167399457812166e+01
7.000000000000000000e+00,0.000000000000000000e+00,8.800000000000000000e+01,1.013990438343098788e+01,8.745846702454421973e+01,6.694159830641596898e+01
7.000000000000000000e+00,0.000000000000000000e+00,8.900000000000000000e+01,1.048795673428515407e+01,6.594339693991969398e+01,4.884274537086604084e+01
7.000000000000000000e+00,0.000000000000000000e+00,9.000000000000000000e+01,6.946717218220712198e+01,1.912334972677931688e+01,9.040667844588163859e+01
7.000000000000000000e+00,0.000000000000000000e+00,9.100000000000000000e+01,8.800796823124460388e+01,4.706589411459287930e+01,5.839070741682473198e+00
7.000000000000000000e+00,0.000000000000000000e+00,9.200000000000000000e+01,1.995270593230005574e+01,2.221758559991596016e+01,3.299407298834147895e+01
7.000000000000000000e+00,0.000000000000000000e+00,9.300000000000000000e+01,7.105420019051459235e+01,8.997867243063323883e+01,2.989375447551034526e+01
7.000000000000000000e+00,0.000000000000000000e+00,9.400000000000000000e+01,9.154636192233077452e+01,4.978205861851017033e+01,8.244569205442889626e+00
7.000000000000000000e+00,0.000000000000000000e+00,9.500000000000000000e+01,7.426768989356158102e+01,1.990124815506966627e+01,7.341580598336027208e+01
7.000000000000000000e+00,0.000000000000000000e+00,9.600000000000000000e+01,7.343516056530960157e+01,8.774942741654516709e+00,6.412334521207991145e+01
7.000000000000000000e+00,0.000000000000000000e+00,9.700000000000000000e+01,2.559183228412530653e+01,4.206668532844668817e+01,8.163160069008007724e+00
7.000000000000000000e+00,0.000000000000000000e+00,9.800000000000000000e+01,1.171636586849903239e+01,7.987345423784638854e+01,5.418594824919534858e+01
7.000000000000000000e+00,0.000000000000000000e+00,9.900000000000000000e+01,1.384730089868642544e+01,8.731274509309990606e+01,6.377120071683455649e+01
7.000000000000000000e+00,0.000000000000000000e+00,1.000000000000000000e+02,8.471709747661608958e+01,7.640847603240467834e+01,4.369145279570522433e+01
7.000000000000000000e+00,0.000000000000000000e+00,1.010000000000000000e+02,8.271979858743782188e+01,7.927382451582667500e+01,3.955226718343174497e+01
7.000000000000000000e+00,0.000000000000000000e+00,1.020000000000000000e+02,2.011249187769038116e+01,4.528900618492612296e+01,8.745984962814548069e+00
7.000000000000000000e+00,0.000000000000000000e+00,1.030000000000000000e+02,1.358826727909329790e+01,9.087412009817215619e+01,4.936721746412597156e+01
7.000000000000000000e+00,0.000000000000000000e+00,1.040000000000000000e+02,1.224258122877212429e+01,8.663379233330438467e+01,6.472297030808778118e+01
7.000000000000000000e+00,0.000000000000000000e+00,1.050000000000000000e+02,1.404859870515274167e+01,9.344505820163705323e+01,4.752886606734674757e+01
7.000000000000000000e+00,0.000000000000000000e+00,1.060000000000000000e+02,1.343979444489419706e+01,9.448218868757088273e+01,5.340513311059432056e+01
7.000000000000000000e+00,0.000000000000000000e+00,1.070000000000000000e+02,6.819795079090185652e+01,1.819548378387407439e+01,8.290853472988214889e+01
7.000000000000000000e+00,0.000000000000000000e+00,1.080000000000000000e+02,7.663265424550098182e+00,8.669576364475102537e+01,6.775276426080861825e+01
7.000000000000000000e+00,0.000000000000000000e+00,1.090000000000000000e+02,8.727284761915622369e+01,7.901331358288055640e+01,3.902730547568212671e+01
7.000000000000000000e+00,0.000000000000000000e+00,1.100000000000000000e+02,7.272279079973806404e+01,9.067907457412310634e+01,3.308384453178273787e+01
7.000000000000000000e+00,0.000000000000000000e+00,1.110000000000000000e+02,1.478272716924944241e+01,9.454022021832680878e+01,5.178513473800101963e+01
7.000000000000000000e+00,0.000000000000000000e+00,1.120000000000000000e+02,9.069712873748518689e+01,4.878155315405230397e+01,6.616832010119553686e+00
7.000000000000000000e+00,0.000000000000000000e+00,1.130000000000000000e+02,3.838868869084363666e+01,8.957324029941887034e+00,2.590231162734228931e+01
7.000000000000000000e+00,0.000000000000000000e+00,1.140000000000000000e+02,6.285780925270512398e+01,8.710668623292356472e+00,9.347253068115529118e+01
7.000000000000000000e+00,0.000000000000000000e+00,1.150000000000000000e+02,1.320940744218432705e+01,9.458010330832537704e+01,4.913766867031198871e+01
7.000000000000000000e+00,0.000000000000000000e+00,1.160000000000000000e+02,4.176417592632357412e+01,1.008294553635679236e+01,3.340744204594878397e+01
7.000000000000000000e+00,0.000000000000000000e+00,1.170000000000000000e+02,7.611107848371852924e+01,9.131971589451555360e+01,2.998320353373219405e+01
7.000000000000000000e+00,0.000000000000000000e+00,1.180000000000000000e+02,7.707352857605189911e+01,8.942410606372739323e+01,3.233577687250564026e+01
7.000000000000000000e+00,0.000000000000000000e+00,1.190000000000000000e+02,1.093749147639017316e+01,7.612908980611135235e+01,4.913337808371220206e+01
7.000000000000000000e+00,0.000000000000000000e+00,1.200000000000000000e+02,1.818559394271657226e+01,4.420033067867999677e+01,6.532722693033335304e+00
7.000000000000000000e+00,0.000000000000000000e+00,1.210000000000000000e+02,8.656234653587240757e+01,5.194116805064937381e+01,8.410056240996828691e+00
7.000000000000000000e+00,0.000000000000000000e+00,1.220000000000000000e+02,3.804710492488283080e+01,5.763464610047038583e+00,7.937665112306633830e+01
7.000000000000000000e+00,0.000000000000000000e+00,1.230000000000000000e+02,4.394653421886722100e+01,5.893075439990759001e+00,3.054236430535564040e+01
7.000000000000000000e+00,0.000000000000000000e+00,1.240000000000000000e+02,8.717230670348891408e+01,8.412474801995492157e+01,3.818017873559724507e+01
7.000000000000000000e+00,0.000000000000000000e+00,1.250000000000000000e+02,8.396609396917395429e+01,8.708008706047840519e+01,3.318260641265093369e+01
7.000000000000000000e+00,0.000000000000000000e+00,1.260000000000000000e+02,8.959171080827388778e+01,5.527444964880145051e+01,5.736513020473794633e+00
7.000000000000000000e+00,0.000000000000000000e+00,1.270000000000000000e+02,2.024732458659488543e+01,4.865599254320114397e+01,8.609007644848803764e+00
7.000000000000000000e+00,0.000000000000000000e+00,1.280000000000000000e+02,6.635193387189842973e+00,8.213070725348772783e+01,5.877254504744910690e+01
7.000000000000000000e+00,0.000000000000000000e+00,1.290000000000000000e+02,1.131817761289200241e+01,9.430286838894426182e+01,4.925264630884576889e+01
7.000000000000000000e+00,0.000000000000000000e+00,1.300000000000000000e+02,5.633437137636737191e+01,1.177877770701573645e+01,9.234657577373930337e+01
7.000000000000000000e+00,0.000000000000000000e+00,1.310000000000000000e+02,7.927465142014332855e+01,8.559019052749532364e+01,3.379092436073484862e+01
7.000000000000000000e+00,0.000000000000000000e+00,1.320000000000000000e+02,7.437916455355730250e+01,1.883227451110122885e+01,8.691295356889307300e+01
7.000000000000000000e+00,0.000000000000000000e+00,1.330000000000000000e+02,5.640030131001851998e+01,1.298819648633266510e+01,9.293709015218607306e+01
7.000000000000000000e+00,0.000000000000000000e+00,1.340000000000000000e+02,5.928746017297622473e+01,1.969754977496129555e+01,9.071240706406950949e+01
7.000000000000000000e+00,0.000000000000000000e+00,1.350000000000000000e+02,9.126317821037243050e+01,5.299951851912972955e+01,8.675746891956627849e+00
7.000000000000000000e+00,0.000000000000000000e+00,1.360000000000000000e+02,8.084520673269834035e+00,8.663023120019262535e+01,6.512694414112124264e+01
7.000000000000000000e+00,0.000000000000000000e+00,1.370000000000000000e+02,1.099266100248322964e+01,8.577499786254806224e+01,6.354487745869763415e+01
7.000000000000000000e+00,0.000000000000000000e+00,1.380000000000000000e+02,1.115614307628095681e+01,9.239223615249086663e+01,5.121558303539690371e+01
7.000000000000000000e+00,0.000000000000000000e+00,1.390000000000000000e+02,7.812648207727750105e+01,8.722550497075484088e+01,3.169353461355306933e+01
7.000000000000000000e+00,0.000000000000000000e+00,1.400000000000000000e+02,8.868888577134855211e+01,7.912360653423621670e+01,4.318507140618894624e+01
7.000000000000000000e+00,0.000000000000000000e+00,1.410000000000000000e+02,6.052594869795274946e+01,1.339149255901082824e+01,9.013264618876881684e+01
7.000000000000000000e+00,0.000000000000000000e+00,1.420000000000000000e+02,6.288969230463806070e+01,1.786597917553714510e+01,8.886206448846614592e+01
7.000000000000000000e+00,0.000000000000000000e+00,1.430000000000000000e+02,1.236165891990203392e+01,9.039899483374625788e+01,4.427665198191792228e+01
7.000000000000000000e+00,0.000000000000000000e+00,1.440000000000000000e+02,9.545372243776627741e+00,7.773865737609231985e+01,5.434775820391554646e+01
7.000000000000000000e+00,0.000000000000000000e+00,1.450000000000000000e+02,2.227445985365027070e+01,2.636262692369123428e+01,2.372385070861748702e+01
7.000000000000000000e+00,0.000000000000000000e+00,1.460000000000000000e+02,8.436803446017540864e+01,8.020128434979157817e+01,4.386124724751574888e+01
7.000000000000000000e+00,0.000000000000000000e+00,1.470000000000000000e+02,8.205179888573211144e+01,7.702475541893760180e+01,4.227930666647875313e+01
7.000000000000000000e+00,0.000000000000000000e+00,1.480000000000000000e+02,8.297837196049501429e+00,8.843655469931641733e+01,6.996154276875829225e+01
7.000000000000000000e+00,0.000000000000000000e+00,1.490000000000000000e+02,5.655197063047032202e+01,1.601851928655713309e+01,9.172665678502647779e+01
7.000000000000000000e+00,0.000000000000000000e+00,1.500000000000000000e+02,8.505747510274106560e+01,7.691497453246306293e+01,4.590187269772066969e+01
7.000000000000000000e+00,0.000000000000000000e+00,1.510000000000000000e+02,3.811274024047582287e+01,6.643299186333748274e+00,3.297944145580401454e+01
7.000000000000000000e+00,0.000000000000000000e+00,1.520000000000000000e+02,6.754222246809252539e+00,6.846762949906894846e+01,5.149157912337384602e+01
7.000000000000000000e+00,0.000000000000000000e+00,1.530000000000000000e+02,2.108443345873283903e+01,3.699664841882893285e+01,1.140282443373940957e+01
7.000000000000000000e+00,0.000000000000000000e+00,1.540000000000000000e+02,2.614642056355784661e+01,4.566369857499437046e+01,6.404275144087793414e+00
7.000000000000000000e+00,0.000000000000000000e+00,1.550000000000000000e+02,8.441074753291201205e+01,7.597016158215596704e+01,3.835327234159365162e+01
7.000000000000000000e+00,0.000000000000000000e+00,1.560000000000000000e+02,1.274451125165187015e+01,9.399431936149707667e+01,4.301434939332304452e+01
7.000000000000000000e+00,0.000000000000000000e+00,1.570000000000000000e+02,2.037596290591548964e+01,4.518705835041384233e+01,5.966534368752293815e+00
7.000000000000000000e+00,0.000000000000000000e+00,1.580000000000000000e+02,4.023371588384365793e+01,5.733666578053486340e+00,3.674472281567955889e+01
7.000000000000000000e+00,0.000000000000000000e+00,1.590000000000000000e+02,1.170279805705932752e+01,8.552677028071525456e+01,6.704155273452391839e+01
7.000000000000000000e+00,0.000000000000000000e+00,1.600000000000000000e+02,8.243928506468938266e+00,8.595555723102364709e+01,6.301185016661111149e+01
7.000000000000000000e+00,0.000000000000000000e+00,1.610000000000000000e+02,2.217381531200305744e+01,2.493379667085367757e+01,2.620428871654991809e+01
7.000000000000000000e+00,0.000000000000000000e+00,1.620000000000000000e+02,9.033251078057801919e+01,4.774778900140098159e+01,7.005076798684429562e+00
7.000000000000000000e+00,0.000000000000000000e+00,1.630000000000000000e+02,1.215179250839716296e+01,9.408954718970184672e+01,5.610806965482402120e+01
7.000000000000000000e+00,0.000000000000000000e+00,1.640000000000000000e+02,7.512536273575669554e+01,8.961661882001573076e+01,3.808701281712549758e+01
7.000000000000000000e+00,0.000000000000000000e+00,1.650000000000000000e+02,7.622726372451509746e+01,8.840574505650276649e+01,3.436163757575132394e+01
7.000000000000000000e+00,0.000000000000000000e+00,1.660000000000000000e+02,1.974620261285146228e+01,2.454852623468390505e+01,2.747200522529842814e+01
7.000000000000000000e+00,0.000000000000000000e+00,1.670000000000000000e+02,8.961061325698356939e+01,5.204023379520641868e+01,7.356104659320382488e+00
7.000000000000000000e+00,0.000000000000000000e+00,1.680000000000000000e+02,4.447575794776458480e+01,9.833768563571750221e+00,3.220691414180177503e+01
7.000000000000000000e+00,0.000000000000000000e+00,1.690000000000000000e+02,4.074380165957415301e+01,5.510575174954762900e+00,3.082798564253430484e+01
7.000000000000000000e+00,0.000000000000000000e+00,1.700000000000000000e+02,8.462462506217049096e+00,8.227266171249883087e+01,5.549968257261203064e+01
7.000000000000000000e+00,0.000000000000000000e+00,1.710000000000000000e+02,7.216927763824290309e+01,2.175715963334192438e+01,8.552525380243788788e+01
7.000000000000000000e+00,0.000000000000000000e+00,1.720000000000000000e+02,5.845163945435244557e+01,1.427825381249537529e+01,9.270870616516114637e+01
7.000000000000000000e+00,0.000000000000000000e+00,1.730000000000000000e+02,2.235700818756733810e+01,1.765019156104642306e+01,3.214136998425495761e+01
7.000000000000000000e+00,0.000000000000000000e+00,1.740000000000000000e+02,6.807700003487107665e+01,9.063024315670977771e+00,7.788176115953311296e+01
7.000000000000000000e+00,0.000000000000000000e+00,1.750000000000000000e+02,1.154538248677458157e+01,9.352901067043245575e+01,4.283648526799255762e+01
7.000000000000000000e+00,0.000000000000000000e+00,1.760000000000000000e+02,5.837440590971103660e+01,1.075347138100568145e+01,9.320218253720773305e+01
7.000000000000000000e+00,0.000000000000000000e+00,1.770000000000000000e+02,6.406869503130536714e+01,1.171922703517525832e+01,9.210851770168356722e+01
7.000000000000000000e+00,0.000000000000000000e+00,1.780000000000000000e+02,9.011160403730586665e+01,5.561051692067844954e+01,8.122735017152074022e+00
7.000000000000000000e+00,0.000000000000000000e+00,1.790000000000000000e+02,1.364276441143453056e+01,9.235887258994000604e+01,4.868313533681733674e+01
7.000000000000000000e+00,0.000000000000000000e+00,1.800000000000000000e+02,3.893882932441497502e+01,5.772253108119648424e+00,2.788110754193040464e+01
7.000000000000000000e+00,0.000000000000000000e+00,1.810000000000000000e+02,6.476284878157153457e+01,1.062894136222833019e+01,9.023661233032083828e+01
7.000000000000000000e+00,0.000000000000000000e+00,1.820000000000000000e+02,3.585087560233638726e+01,6.104186462123697865e+00,2.872431883036456668e+01
7.000000000000000000e+00,0.000000000000000000e+00,1.830000000000000000e+02,6.626243191236744678e+01,9.789525951843096152e+00,9.186494207188063399e+01
7.000000000000000000e+00,0.000000000000000000e+00,1.840000000000000000e+02,1.425539358259937828e+01,9.330537270852525467e+01,4.542636503414859561e+01
7.000000000000000000e+00,0.000000000000000000e+00,1.850000000000000000e+02,2.413332683474016704e+01,4.268661124839000820e+01,6.522027619551676203e+00
7.000000000000000000e+00,0.000000000000000000e+00,1.860000000000000000e+02,9.166411396980161896e+01,5.194678520289603796e+01,7.049903508844947986e+00
7.000000000000000000e+00,0.000000000000000000e+00,1.870000000000000000e+02,2.197997191470028611e+01,4.187377165166490300e+01,1.102219086324354258e+01
7.000000000000000000e+00,0.000000000000000000e+00,1.880000000000000000e+02,2.126675805797928476e+01,4.789524639960348651e+01,6.200018856430823178e+00
7.000000000000000000e+00,0.000000000000000000e+00,1.890000000000000000e+02,1.256177054036092144e+01,9.164919247477281772e+01,4.612086609961558992e+01
7.000000000000000000e+00,0.000000000000000000e+00,1.900000000000000000e+02,5.945997694990730054e+01,1.170757925750338480e+01,9.213573974139687550e+01
7.000000000000000000e+00,0.000000000000000000e+00,1.910000000000000000e+02,2.200708757961721318e+01,4.434394349105073729e+01,8.952887667479764389e+00
7.000000000000000000e+00,0.000000000000000000e+00,1.920000000000000000e+02,1.179147288195888876e+01,9.378276118745712608e+01,4.749404350368627092e+01
7.000000000000000000e+00,0.000000000000000000e+00,1.930000000000000000e+02,4.322453383910153946e+01,7.861302827501240209e+00,3.139021365252488138e+01
7.000000000000000000e+00,0.000000000000000000e+00,1.940000000000000000e+02,5.789738881917625690e+01,1.004172231773272550e+01,9.087911694832656906e+01
7.000000000000000000e+00,0.000000000000000000e+00,1.950000000000000000e+02,7.566837949283582532e+01,2.121922634162503130e+01,8.229588086332077523e+01
7.000000000000000000e+00,0.000000000000000000e+00,1.960000000000000000e+02,2.380958865302189409e+01,2.592279051809017076e+01,2.729362354710541183e+01
7.000000000000000000e+00,0.000000000000000000e+00,1.970000000000000000e+02,2.047550050150683632e+01,2.377166338123562639e+01,2.470443683684210612e+01
7.000000000000000000e+00,0.000000000000000000e+00,1.980000000000000000e+02,2.251333034720849824e+01,1.604481136378917583e+01,3.684663888611333249e+01
7.000000000000000000e+00,0.000000000000000000e+00,1.990000000000000000e+02,7.107768212375803785e+01,2.196917762932390517e+01,8.203733359063950559e+01
8.000000000000000000e+00,0.000000000000000000e+00,0.000000000000000000e+00,1.258542241493222313e+01,6.047882228872185806e+01,7.593849012934109410e+00
8.000000000000000000e+00,0.000000000000000000e+00,1.000000000000000000e+00,6.893074938497007587e+00,3.106853842455551273e+01,2.649714720771910947e+01
8.000000000000000000e+00,0.000000000000000000e+00,2.000000000000000000e+00,7.669445178502377303e+01,8.425742724584706522e+00,9.500511015710593199e+01
8.000000000000000000e+00,0.000000000000000000e+00,3.000000000000000000e+00,1.188667503881889687e+01,6.247693394172531356e+01,9.667817947645920285e+00
8.000000000000000000e+00,0.000000000000000000e+00,4.000000000000000000e+00,9.799073641999138218e+00,3.103920483772269279e+01,2.981671726367052244e+01
8.000000000000000000e+00,0.000000000000000000e+00,5.000000000000000000e+00,9.429883752310188072e+01,2.494173251761922216e+01,4.733184404958156932e+01
8.000000000000000000e+00,0.000000000000000000e+00,6.000000000000000000e+00,3.997253395729364911e+01,8.284492559033556347e+01,7.144557217530511650e+01
8.000000000000000000e+00,0.000000000000000000e+00,7.000000000000000000e+00,7.476527374965353090e+01,5.162237730546260650e+01,1.977494003322280847e+01
8.000000000000000000e+00,0.000000000000000000e+00,8.000000000000000000e+00,7.970943181168475178e+01,1.506299468355915927e+01,9.282506992728150408e+01
8.000000000000000000e+00,0.000000000000000000e+00,9.000000000000000000e+00,8.122986987168673068e+01,1.684344077010148766e+01,9.083864613244037400e+01
8.000000000000000000e+00,0.000000000000000000e+00,1.000000000000000000e+01,2.414172751207571466e+01,6.815274654158353940e+01,1.228421093008238785e+01
8.000000000000000000e+00,0.000000000000000000e+00,1.100000000000000000e+01,8.098342804405334050e+01,9.459095558332156983e+00,9.335752985602968579e+01
8.000000000000000000e+00,0.000000000000000000e+00,1.200000000000000000e+01,8.162656617125416858e+01,8.264013442663923570e+01,4.678487578159720783e+01
8.000000000000000000e+00,0.000000000000000000e+00,1.300000000000000000e+01,7.293381056330395040e+01,4.743487856390851931e+01,1.789667086949950203e+01
8.000000000000000000e+00,0.000000000000000000e+00,1.400000000000000000e+01,6.023129187489590031e+00,3.653311598176271957e+01,4.218057538273528451e+01
8.000000000000000000e+00,0.000000000000000000e+00,1.500000000000000000e+01,1.107789793844289683e+01,7.467542257652439730e+01,1.611968253322837441e+01
8.000000000000000000e+00,0.000000000000000000e+00,1.600000000000000000e+01,5.562554308947192538e+01,8.937052287792326410e+01,6.257133287846905034e+01
8.000000000000000000e+00,0.000000000000000000e+00,1.700000000000000000e+01,3.444206702504057915e+01,7.916194794379032373e+01,7.445677282488848903e+01
8.000000000000000000e+00,0.000000000000000000e+00,1.800000000000000000e+01,5.110070729019416724e+00,6.664426728904153663e+01,1.406037471696214070e+01
8.000000000000000000e+00,0.000000000000000000e+00,1.900000000000000000e+01,1.220369312632018044e+01,7.317101259992007556e+01,1.419748782111380869e+01
8.000000000000000000e+00,0.000000000000000000e+00,2.000000000000000000e+01,2.537677109505919404e+01,6.069393862600544765e+01,9.600184320072903787e+00
8.000000000000000000e+00,0.000000000000000000e+00,2.100000000000000000e+01,3.899409430358213768e+01,7.853658795230246881e+01,7.573722465378141067e+01
8.000000000000000000e+00,0.000000000000000000e+00,2.200000000000000000e+01,6.501054169058570587e+00,3.335030190854044463e+01,3.843510461462891925e+01
8.000000000000000000e+00,0.000000000000000000e+00,2.300000000000000000e+01,2.061117028722295430e+01,6.450244519467447901e+01,1.043211022976625735e+01
8.000000000000000000e+00,0.000000000000000000e+00,2.400000000000000000e+01,7.619685758499522876e+01,1.246142583642825308e+01,9.509040430157062929e+01
8.000000000000000000e+00,0.000000000000000000e+00,2.500000000000000000e+01,8.059693191884069563e+01,8.457030444654186851e+00,9.496714626385060853e+01
8.000000000000000000e+00,0.000000000000000000e+00,2.600000000000000000e+01,7.463182265080484434e+00,2.769650838063537179e+01,3.550135809844069001e+01
8.000000000000000000e+00,0.000000000000000000e+00,2.700000000000000000e+01,7.747080569322531574e+01,7.958781105633737241e+01,4.703972449382493437e+01
8.000000000000000000e+00,0.000000000000000000e+00,2.800000000000000000e+01,7.396547607851735506e+01,1.132975534518389615e+01,9.567434359489257645e+01
8.000000000000000000e+00,0.000000000000000000e+00,2.900000000000000000e+01,6.854228234326983227e+01,4.965900050510515484e+01,1.795604121430574196e+01
8.000000000000000000e+00,0.000000000000000000e+00,3.000000000000000000e+01,8.040428580972204031e+01,1.426009434938468168e+01,8.974788408852964494e+01
8.000000000000000000e+00,0.000000000000000000e+00,3.100000000000000000e+01,7.251686926423245438e+01,8.926863594960133597e+00,9.572207091804172308e+01
8.000000000000000000e+00,0.000000000000000000e+00,3.200000000000000000e+01,2.246083822425989851e+01,5.971205257096146113e+01,9.319728851955616733e+00
8.000000000000000000e+00,0.000000000000000000e+00,3.300000000000000000e+01,5.744691731574461890e+00,5.974589729718020692e+01,1.380169647758328466e+01
8.000000000000000000e+00,0.000000000000000000e+00,3.400000000000000000e+01,6.392666129456074486e+00,3.552201632639107487e+01,3.598883522763884457e+01
8.000000000000000000e+00,0.000000000000000000e+00,3.500000000000000000e+01,7.471649225967298946e+01,1.278648147343378483e+01,9.013770064873511956e+01
8.000000000000000000e+00,0.000000000000000000e+00,3.600000000000000000e+01,7.227303072776467552e+00,7.413949657269550642e+01,1.725574558117886070e+01
8.000000000000000000e+00,0.000000000000000000e+00,3.700000000000000000e+01,7.589467747618380145e+01,5.146668282271451034e+01,1.643181669873365180e+01
8.000000000000000000e+00,0.000000000000000000e+00,3.800000000000000000e+01,5.964611620671528058e+00,6.199494181966666417e+01,9.801144636271983401e+00
8.000000000000000000e+00,0.000000000000000000e+00,3.900000000000000000e+01,7.101570654972672259e+00,6.304552418326629493e+01,6.507050694747515074e+00
8.000000000000000000e+00,0.000000000000000000e+00,4.000000000000000000e+01,7.898951115268044987e+01,8.975239933798665248e+00,9.049748919203230457e+01
8.000000000000000000e+00,0.000000000000000000e+00,4.100000000000000000e+01,7.575571117313158709e+01,1.062213095624966641e+01,9.258614712877940178e+01
8.000000000000000000e+00,0.000000000000000000e+00,4.200000000000000000e+01,2.531942939325065822e+01,6.349830479195591693e+01,1.025441829787287951e+01
8.000000000000000000e+00,0.000000000000000000e+00,4.300000000000000000e+01,6.370892324848257715e+01,1.803728589926785375e+01,8.962345041492805819e+01
8.000000000000000000e+00,0.000000000000000000e+00,4.400000000000000000e+01,9.190876615388875237e+00,3.049175912413374334e+01,2.717449109022670584e+01
8.000000000000000000e+00,0.000000000000000000e+00,4.500000000000000000e+01,1.592341182224517304e+01,7.271165414941170013e+01,1.609559855610844536e+01
8.000000000000000000e+00,0.000000000000000000e+00,4.600000000000000000e+01,6.174723297429529190e+00,3.013221671721217021e+01,3.279005000005337678e+01
8.000000000000000000e+00,0.000000000000000000e+00,4.700000000000000000e+01,7.637875979180185126e+00,2.864723873636877727e+01,2.600296645327571099e+01
8.000000000000000000e+00,0.000000000000000000e+00,4.800000000000000000e+01,7.219615616151266124e+01,5.238284892340437437e+01,1.886748226582172450e+01
8.000000000000000000e+00,0.000000000000000000e+00,4.900000000000000000e+01,8.196242841479073604e+01,7.910799970301563633e+01,4.631660431271506440e+01
8.000000000000000000e+00,0.000000000000000000e+00,5.000000000000000000e+01,7.838650508846168918e+01,1.661590861559260190e+01,9.076071309877227122e+01
8.000000000000000000e+00,0.000000000000000000e+00,5.100000000000000000e+01,8.232919991716131847e+01,8.521627176415221072e+01,4.710133230435355500e+01
8.000000000000000000e+00,0.000000000000000000e+00,5.200000000000000000e+01,7.811763777009531395e+01,4.944441368655809299e+01,1.713771204060206443e+01
8.000000000000000000e+00,0.000000000000000000e+00,5.300000000000000000e+01,5.574396959854514932e+01,9.071312942504323473e+01,5.783982614960745394e+01
8.000000000000000000e+00,0.000000000000000000e+00,5.400000000000000000e+01,6.006380926009883048e+00,3.010961032871289689e+01,3.520290851770383966e+01
8.000000000000000000e+00,0.000000000000000000e+00,5.500000000000000000e+01,9.433529342780184379e+01,2.192456066194147013e+01,4.355396854450001598e+01
8.000000000000000000e+00,0.000000000000000000e+00,5.600000000000000000e+01,8.322875571620929236e+01,8.357710925565579885e+01,5.013673515956767801e+01
8.000000000000000000e+00,0.000000000000000000e+00,5.700000000000000000e+01,7.654628419646664383e+01,1.483878279905595399e+01,9.271141371702091760e+01
8.000000000000000000e+00,0.000000000000000000e+00,5.800000000000000000e+01,4.012818309613582102e+01,8.322920358980694289e+01,7.319678627572709217e+01
8.000000000000000000e+00,0.000000000000000000e+00,5.900000000000000000e+01,7.426154595431813732e+01,1.087956753438233548e+01,8.556379387144718862e+01
8.000000000000000000e+00,0.000000000000000000e+00,6.000000000000000000e+01,1.141553309379747105e+01,6.892173809012828656e+01,1.004333012503289524e+01
8.000000000000000000e+00,0.000000000000000000e+00,6.100000000000000000e+01,7.826568351671572543e+01,7.850334403728296273e+00,9.307604846700685641e+01
8.000000000000000000e+00,0.000000000000000000e+00,6.200000000000000000e+01,7.469016198380476368e+00,3.079797175054329372e+01,2.960849832747827648e+01
8.000000000000000000e+00,0.000000000000000000e+00,6.300000000000000000e+01,8.114808026175745681e+01,1.357808185336702245e+01,9.531419627770883096e+01
8.000000000000000000e+00,0.000000000000000000e+00,6.400000000000000000e+01,8.540882871015403666e+00,2.929654780763756960e+01,4.150691482203821892e+01
8.000000000000000000e+00,0.000000000000000000e+00,6.500000000000000000e+01,4.069226489420447024e+01,8.709711482149366191e+01,7.450925860847523552e+01
8.000000000000000000e+00,0.000000000000000000e+00,6.600000000000000000e+01,8.099785068744796490e+01,6.992515615243799942e+00,9.513052520561703318e+01
8.000000000000000000e+00,0.000000000000000000e+00,6.700000000000000000e+01,8.378409388255950319e+01,8.054597750707118564e+01,4.944827054347021544e+01
8.000000000000000000e+00,0.000000000000000000e+00,6.800000000000000000e+01,9.110010713465198862e+00,6.666312426500904564e+01,1.132221326051991994e+01
8.000000000000000000e+00,0.000000000000000000e+00,6.900000000000000000e+01,7.617827538496168671e+00,3.262375899800657209e+01,3.947202731498003914e+01
8.000000000000000000e+00,0.000000000000000000e+00,7.000000000000000000e+01,7.842365619537681631e+00,3.032545958463191482e+01,3.048613988022197674e+01
8.000000000000000000e+00,0.000000000000000000e+00,7.100000000000000000e+01,5.334800711837538501e+01,8.538546081326853709e+01,6.436422415313536760e+01
8.000000000000000000e+00,0.000000000000000000e+00,7.200000000000000000e+01,9.465107333082961816e+01,2.133298393657521785e+01,4.344147756073434863e+01
8.000000000000000000e+00,0.000000000000000000e+00,7.300000000000000000e+01,7.683803149947206634e+01,4.272968629974420196e+01,1.106640193583201537e+01
8.000000000000000000e+00,0.000000000000000000e+00,7.400000000000000000e+01,7.283855661682763127e+01,4.235338753644412435e+01,1.381761120009082866e+01
8.000000000000000000e+00,0.000000000000000000e+00,7.500000000000000000e+01,5.698406410568608038e+01,9.056904521071734848e+01,5.875054676825875077e+01
8.000000000000000000e+00,0.000000000000000000e+00,7.600000000000000000e+01,7.136887773815602998e+01,5.142088862245824998e+01,1.535879469882959114e+01
8.000000000000000000e+00,0.000000000000000000e+00,7.700000000000000000e+01,1.524450944196087576e+01,7.053717068228441178e+01,1.160184490105925725e+01
8.000000000000000000e+00,0.000000000000000000e+00,7.800000000000000000e+01,9.502393833942308277e+01,2.537130199523725693e+01,4.457211272244438760e+01
8.000000000000000000e+00,0.000000000000000000e+00,7.900000000000000000e+01,9.467236573256539600e+01,2.707975458451315731e+01,4.314031781661885390e+01
8.000000000000000000e+00,0.000000000000000000e+00,8.000000000000000000e+01,2.197129395237278970e+01,7.397893350159127124e+01,1.547548727312965511e+01
8.000000000000000000e+00,0.000000000000000000e+00,8.100000000000000000e+01,6.109236658740601200e+01,9.166402766776784006e+01,6.443922641898514314e+01
8.000000000000000000e+00,0.000000000000000000e+00,8.200000000000000000e+01,2.314375235240159157e+01,5.303912282519649324e+01,8.547422342831467290e+00
8.000000000000000000e+00,0.000000000000000000e+00,8.300000000000000000e+01,1.476427998880778958e+01,7.714923294642963469e+01,1.613501426920683457e+01
8.000000000000000000e+00,0.000000000000000000e+00,8.400000000000000000e+01,8.531932442188166021e+01,7.971793087140476075e+01,5.075683266702501584e+01
8.000000000000000000e+00,0.000000000000000000e+00,8.500000000000000000e+01,4.945768036171556759e+01,8.740558955057490209e+01,6.172266531066773609e+01
8.000000000000000000e+00,0.000000000000000000e+00,8.600000000000000000e+01,8.078519216474191467e+01,8.210727744743218182e+01,5.034003354625844651e+01
8.000000000000000000e+00,0.000000000000000000e+00,8.700000000000000000e+01,7.023752773130846094e+01,4.906148645308370959e+01,1.794486797563520852e+01
8.000000000000000000e+00,0.000000000000000000e+00,8.800000000000000000e+01,1.537852816987527760e+01,6.304187278642730519e+01,1.056072153412441850e+01
8.000000000000000000e+00,0.000000000000000000e+00,8.900000000000000000e+01,7.269685364256829985e+00,3.261178560488123424e+01,2.915097735042476756e+01
8.000000000000000000e+00,0.000000000000000000e+00,9.000000000000000000e+01,7.899297099325831084e+01,1.720962832434533851e+01,9.510507032840794750e+01
8.000000000000000000e+00,0.000000000000000000e+00,9.100000000000000000e+01,8.653666518140152419e+00,2.757564019268949096e+01,3.189993256673600186e+01
8.000000000000000000e+00,0.000000000000000000e+00,9.200000000000000000e+01,7.846671541834393793e+01,4.703052459811989650e+01,1.205741077723811827e+01
8.000000000000000000e+00,0.000000000000000000e+00,9.300000000000000000e+01,8.251443636457075570e+01,1.241104514234783096e+01,8.942715710064102552e+01
8.000000000000000000e+00,0.000000000000000000e+00,9.400000000000000000e+01,8.196950248730050959e+00,3.143590418854873292e+01,3.101446385932752037e+01
8.000000000000000000e+00,0.000000000000000000e+00,9.500000000000000000e+01,6.040184034328295581e+01,9.170605349243011517e+01,5.938549327264651367e+01
8.000000000000000000e+00,0.000000000000000000e+00,9.600000000000000000e+01,1.297980398982426564e+01,7.044230415910023169e+01,1.384791104415755214e+01
8.000000000000000000e+00,0.000000000000000000e+00,9.700000000000000000e+01,3.522445081147752433e+01,8.450920822182460768e+01,7.167931929242568856e+01
8.000000000000000000e+00,0.000000000000000000e+00,9.800000000000000000e+01,1.571990594865005164e+01,5.579331571716199534e+01,8.610749540867102425e+00
8.000000000000000000e+00,0.000000000000000000e+00,9.900000000000000000e+01,6.076150210945188590e+00,5.634850197694391483e+01,9.240998136890421932e+00
8.000000000000000000e+00,0.000000000000000000e+00,1.000000000000000000e+02,5.980571701247599847e+00,4.114782154909721612e+01,4.640535347057189597e+01
8.000000000000000000e+00,0.000000000000000000e+00,1.010000000000000000e+02,8.186089016481112424e+00,3.168558638493061608e+01,2.530897988469235571e+01
8.000000000000000000e+00,0.000000000000000000e+00,1.020000000000000000e+02,7.980983480834751731e+01,1.208674364429218073e+01,9.265486401868808741e+01
8.000000000000000000e+00,0.000000000000000000e+00,1.030000000000000000e+02,7.008158165590780975e+00,3.116136681901701522e+01,3.147224702126187523e+01
8.000000000000000000e+00,0.000000000000000000e+00,1.040000000000000000e+02,9.476025170877512949e+00,7.048823996795924529e+01,1.257080751183596057e+01
8.000000000000000000e+00,0.000000000000000000e+00,1.050000000000000000e+02,5.710066796566896130e+01,8.814232712271275716e+01,6.641125501256401265e+01
8.000000000000000000e+00,0.000000000000000000e+00,1.060000000000000000e+02,8.064782262321571693e+01,7.858778254460077051e+01,4.858767895132668002e+01
8.000000000000000000e+00,0.000000000000000000e+00,1.070000000000000000e+02,6.437981245244597694e+00,6.703834321555639519e+01,9.387016739527327402e+00
8.000000000000000000e+00,0.000000000000000000e+00,1.080000000000000000e+02,3.655442535359984646e+01,8.322234403623822629e+01,7.622290947965325358e+01
8.000000000000000000e+00,0.000000000000000000e+00,1.090000000000000000e+02,8.089282048377059553e+00,2.951038541382128244e+01,3.441031992882146540e+01
8.000000000000000000e+00,0.000000000000000000e+00,1.100000000000000000e+02,7.759697121337252668e+01,1.302463423616759464e+01,9.005887805913540944e+01
8.000000000000000000e+00,0.000000000000000000e+00,1.110000000000000000e+02,7.415803694112547362e+01,5.076774829137859513e+01,1.550300155408323022e+01
8.000000000000000000e+00,0.000000000000000000e+00,1.120000000000000000e+02,5.809844552077976942e+01,9.012406853493563119e+01,6.424367140477150429e+01
8.000000000000000000e+00,0.000000000000000000e+00,1.130000000000000000e+02,5.362424890885817064e+01,9.102885425133736419e+01,5.776066197850504125e+01
8.000000000000000000e+00,0.000000000000000000e+00,1.140000000000000000e+02,1.494522797812494730e+01,6.645264288024577581e+01,8.361796924848016843e+00
8.000000000000000000e+00,0.000000000000000000e+00,1.150000000000000000e+02,8.090441624904262596e+01,8.108254306866466266e+01,5.299858825957262098e+01
8.000000000000000000e+00,0.000000000000000000e+00,1.160000000000000000e+02,8.417606233898639800e+01,8.301853468836705474e+01,5.251028824451272214e+01
8.000000000000000000e+00,0.000000000000000000e+00,1.170000000000000000e+02,7.709606192861319762e+00,3.002412512936844990e+01,3.732129102317829705e+01
8.000000000000000000e+00,0.000000000000000000e+00,1.180000000000000000e+02,7.847053208187496409e+01,9.283914675582614962e+00,9.526645759773180089e+01
8.000000000000000000e+00,0.000000000000000000e+00,1.190000000000000000e+02,8.079079617553071557e+01,1.159475279492981414e+01,9.510496793542621674e+01
8.000000000000000000e+00,0.000000000000000000e+00,1.200000000000000000e+02,7.324288888946964171e+00,2.949466230990331894e+01,2.842069621553289949e+01
8.000000000000000000e+00,0.000000000000000000e+00,1.210000000000000000e+02,7.576092622006007105e+01,4.560948047558390073e+01,1.297090255285186444e+01
8.000000000000000000e+00,0.000000000000000000e+00,1.220000000000000000e+02,8.389730558504909652e+01,8.110583921431336307e+01,4.772847304667393331e+01
8.000000000000000000e+00,0.000000000000000000e+00,1.230000000000000000e+02,7.759419036468888642e+00,3.148768722410678578e+01,3.376774587811693351e+01
8.000000000000000000e+00,0.000000000000000000e+00,1.240000000000000000e+02,7.870714397726551681e+01,1.215079144956410317e+01,9.458716802100957466e+01
8.000000000000000000e+00,0.000000000000000000e+00,1.250000000000000000e+02,7.609998297049816074e+01,4.957464732153960085e+01,1.282559342121546031e+01
8.000000000000000000e+00,0.000000000000000000e+00,1.260000000000000000e+02,5.277045561226674408e+01,8.994308542894280833e+01,6.085421929033213928e+01
8.000000000000000000e+00,0.000000000000000000e+00,1.270000000000000000e+02,7.240617527211217919e+01,4.875170445666842767e+01,1.578249786698824053e+01
8.000000000000000000e+00,0.000000000000000000e+00,1.280000000000000000e+02,7.325218751188059230e+01,1.525355812350603912e+01,8.900925254938131559e+01
8.000000000000000000e+00,0.000000000000000000e+00,1.290000000000000000e+02,2.170542098816987320e+01,6.634181218376315314e+01,1.138520432979184527e+01
8.000000000000000000e+00,0.000000000000000000e+00,1.300000000000000000e+02,2.073028134794467547e+01,6.262401809784614670e+01,7.711003929143860347e+00
8.000000000000000000e+00,0.000000000000000000e+00,1.310000000000000000e+02,6.816536970962139286e+00,3.025618841832166339e+01,2.811272199847451958e+01
8.000000000000000000e+00,0.000000000000000000e+00,1.320000000000000000e+02,8.010749132318389343e+01,8.499566223128704223e+01,5.090968343252229289e+01
8.000000000000000000e+00,0.000000000000000000e+00,1.330000000000000000e+02,5.651809264791567422e+00,7.099900606747050347e+01,1.525630636595370149e+01
8.000000000000000000e+00,0.000000000000000000e+00,1.340000000000000000e+02,7.428031997048739754e+01,1.499911410242414789e+01,9.256602855580430855e+01
8.000000000000000000e+00,0.000000000000000000e+00,1.350000000000000000e+02,9.456517206531241015e+01,2.176132767560055470e+01,4.594878671966410622e+01
8.000000000000000000e+00,0.000000000000000000e+00,1.360000000000000000e+02,7.302490375322845750e+01,1.065957754476612074e+01,9.312759581563254585e+01
8.000000000000000000e+00,0.000000000000000000e+00,1.370000000000000000e+02,7.816805904784126824e+01,8.098201563904370914e+01,5.106168966180530333e+01
8.000000000000000000e+00,0.000000000000000000e+00,1.380000000000000000e+02,1.852147674215473572e+01,7.429548404426446950e+01,1.363793348317541465e+01
8.000000000000000000e+00,0.000000000000000000e+00,1.390000000000000000e+02,7.664879715839832386e+01,6.854469026089185846e+00,9.516405501106947895e+01
8.000000000000000000e+00,0.000000000000000000e+00,1.400000000000000000e+02,9.488880313953987411e+01,2.320891860904433912e+01,4.005487717296763606e+01
8.000000000000000000e+00,0.000000000000000000e+00,1.410000000000000000e+02,7.624791331665662142e+01,4.556323743215466493e+01,1.590646611473659178e+01
8.000000000000000000e+00,0.000000000000000000e+00,1.420000000000000000e+02,6.898262091315692146e+01,1.603369520716967145e+01,9.142902123776704570e+01
8.000000000000000000e+00,0.000000000000000000e+00,1.430000000000000000e+02,8.301568352629077197e+01,6.527135892863214828e+00,9.368858663184096258e+01
8.000000000000000000e+00,0.000000000000000000e+00,1.440000000000000000e+02,5.018517105761035424e+01,8.809878711232485671e+01,6.678926430157621041e+01
8.000000000000000000e+00,0.000000000000000000e+00,1.450000000000000000e+02,7.588614250825435192e+01,4.213388730111572045e+01,1.447246516382665682e+01
8.000000000000000000e+00,0.000000000000000000e+00,1.460000000000000000e+02,2.256268588325013624e+01,5.808517649830020702e+01,7.123495625583010415e+00
8.000000000000000000e+00,0.000000000000000000e+00,1.470000000000000000e+02,9.484350873679593974e+01,2.323495705292047120e+01,4.773834362973669698e+01
8.000000000000000000e+00,0.000000000000000000e+00,1.480000000000000000e+02,4.943045656639101537e+01,9.224458853810278924e+01,6.368111844137543898e+01
8.000000000000000000e+00,0.000000000000000000e+00,1.490000000000000000e+02,1.532180989903887891e+01,7.493782766871908052e+01,1.192635858705416751e+01
8.000000000000000000e+00,0.000000000000000000e+00,1.500000000000000000e+02,7.479183817893975572e+01,5.481520557540908101e+01,1.400931506397478365e+01
8.000000000000000000e+00,0.000000000000000000e+00,1.510000000000000000e+02,7.832019788335288979e+01,8.155345430962108821e+01,4.778620868297118562e+01
8.000000000000000000e+00,0.000000000000000000e+00,1.520000000000000000e+02,7.943778372382556086e+01,5.040002489978446221e+01,1.478083133985545494e+01
8.000000000000000000e+00,0.000000000000000000e+00,1.530000000000000000e+02,1.066821834118413292e+01,3.009767084416967364e+01,2.586430755049752506e+01
8.000000000000000000e+00,0.000000000000000000e+00,1.540000000000000000e+02,5.777844603284842506e+00,6.511733012801944653e+01,1.157099661815460578e+01
8.000000000000000000e+00,0.000000000000000000e+00,1.550000000000000000e+02,7.560881695445277728e+01,4.683551785688299418e+01,1.781411715586008171e+01
8.000000000000000000e+00,0.000000000000000000e+00,1.560000000000000000e+02,8.983178486608718316e+00,3.049062045834820367e+01,2.861957751912911974e+01
8.000000000000000000e+00,0.000000000000000000e+00,1.570000000000000000e+02,2.913903713204008383e+01,5.939921929806158118e+01,1.168122376394404682e+01
8.000000000000000000e+00,0.000000000000000000e+00,1.580000000000000000e+02,9.455663802258975181e+01,2.373762274981499587e+01,4.342973176191017615e+01
8.000000000000000000e+00,0.000000000000000000e+00,1.590000000000000000e+02,5.582525017936695377e+01,9.203646901812022918e+01,6.072452782198212873e+01
8.000000000000000000e+00,0.000000000000000000e+00,1.600000000000000000e+02,5.387637935484138296e+01,9.209146402127595366e+01,6.151660675729642236e+01
8.000000000000000000e+00,0.000000000000000000e+00,1.610000000000000000e+02,5.597616781497261940e+01,9.227187895395174166e+01,5.600399132601248908e+01
8.000000000000000000e+00,0.000000000000000000e+00,1.620000000000000000e+02,9.568384698031239566e+01,1.884021368938604013e+01,4.124065344992720838e+01
8.000000000000000000e+00,0.000000000000000000e+00,1.630000000000000000e+02,7.812983640000142316e+01,8.400613148786372619e+01,4.859597142876441467e+01
8.000000000000000000e+00,0.000000000000000000e+00,1.640000000000000000e+02,7.857233326608073298e+01,1.433921394875566335e+01,9.514154774380614299e+01
8.000000000000000000e+00,0.000000000000000000e+00,1.650000000000000000e+02,5.191847761606479139e+01,9.093289738402143030e+01,6.001859498057763176e+01
8.000000000000000000e+00,0.000000000000000000e+00,1.660000000000000000e+02,7.963204133619643699e+01,1.097810395210103884e+01,9.535395592211645521e+01
8.000000000000000000e+00,0.000000000000000000e+00,1.670000000000000000e+02,7.572952048740998521e+01,1.513587994332306863e+01,9.578487959922955497e+01
8.000000000000000000e+00,0.000000000000000000e+00,1.680000000000000000e+02,6.950308477485276626e+01,1.248255433939925929e+01,8.781095918694602176e+01
8.000000000000000000e+00,0.000000000000000000e+00,1.690000000000000000e+02,7.404493622526814534e+01,4.997235100720514112e+01,1.835184729049732510e+01
8.000000000000000000e+00,0.000000000000000000e+00,1.700000000000000000e+02,7.104887463241758461e+00,2.900397041869738146e+01,3.149712075714357695e+01
8.000000000000000000e+00,0.000000000000000000e+00,1.710000000000000000e+02,1.128118896448800612e+01,6.488441953364620929e+01,8.242386961221729536e+00
8.000000000000000000e+00,0.000000000000000000e+00,1.720000000000000000e+02,6.993499209565530350e+01,5.330667123536719743e+01,1.526388939707490522e+01
8.000000000000000000e+00,0.000000000000000000e+00,1.730000000000000000e+02,6.827495382679132696e+00,5.598142524584712731e+01,1.064931184701860545e+01
8.000000000000000000e+00,0.000000000000000000e+00,1.740000000000000000e+02,5.784589364815580836e+01,8.918368446852868203e+01,5.998475726292166144e+01
8.000000000000000000e+00,0.000000000000000000e+00,1.750000000000000000e+02,1.952249755011538923e+01,7.777942327934567857e+01,1.712840235269620237e+01
8.000000000000000000e+00,0.000000000000000000e+00,1.760000000000000000e+02,7.509624966640861032e+01,4.817464318556086766e+01,1.477136087373732742e+01
8.000000000000000000e+00,0.000000000000000000e+00,1.770000000000000000e+02,7.081797520048701244e+01,5.123053836593389576e+01,1.914777700030630569e+01
8.000000000000000000e+00,0.000000000000000000e+00,1.780000000000000000e+02,7.900118705984566247e+01,1.040297645682527339e+01,8.954459746992954194e+01
8.000000000000000000e+00,0.000000000000000000e+00,1.790000000000000000e+02,7.373874490684897864e+01,4.568603149743958625e+01,1.403652148541997491e+01
8.000000000000000000e+00,0.000000000000000000e+00,1.800000000000000000e+02,7.796255067123996696e+01,4.490550774990528993e+01,1.530811547235562387e+01
8.000000000000000000e+00,0.000000000000000000e+00,1.810000000000000000e+02,7.364270636292198446e+01,5.982642251275731127e+00,9.441866583449252914e+01
8.000000000000000000e+00,0.000000000000000000e+00,1.820000000000000000e+02,7.166927667130572388e+01,1.318288324418468171e+01,9.227015372323718623e+01
8.000000000000000000e+00,0.000000000000000000e+00,1.830000000000000000e+02,7.421096995949631037e+01,4.365282203089882529e+01,1.732098751917586910e+01
8.000000000000000000e+00,0.000000000000000000e+00,1.840000000000000000e+02,5.391974164672230074e+01,9.196875253707361253e+01,6.616263996417475823e+01
8.000000000000000000e+00,0.000000000000000000e+00,1.850000000000000000e+02,7.545671018847765765e+01,8.552308106705082125e+00,9.385427911700294601e+01
8.000000000000000000e+00,0.000000000000000000e+00,1.860000000000000000e+02,5.817533265185446822e+01,9.221842222605091877e+01,6.147783507925112900e+01
8.000000000000000000e+00,0.000000000000000000e+00,1.870000000000000000e+02,7.353231298410666739e+01,4.538229395184029613e+01,1.643202311608021660e+01
8.000000000000000000e+00,0.000000000000000000e+00,1.880000000000000000e+02,9.466503568511166122e+01,2.165316027498523965e+01,4.173419267288166878e+01
8.000000000000000000e+00,0.000000000000000000e+00,1.890000000000000000e+02,4.111133182421008314e+01,8.303259214501599672e+01,7.609079764638764232e+01
8.000000000000000000e+00,0.000000000000000000e+00,1.900000000000000000e+02,7.512390701888964628e+00,2.865799074529007839e+01,2.899097361094771585e+01
8.000000000000000000e+00,0.000000000000000000e+00,1.910000000000000000e+02,7.359434198602261290e+01,5.557220220035165426e+01,1.705254310405280904e+01
8.000000000000000000e+00,0.000000000000000000e+00,1.920000000000000000e+02,9.467994242971275298e+01,2.385424487704940333e+01,4.212259598770508262e+01
8.000000000000000000e+00,0.000000000000000000e+00,1.930000000000000000e+02,7.066329470801704815e+01,4.600197962798000617e+01,1.546651307798782504e+01
8.000000000000000000e+00,0.000000000000000000e+00,1.940000000000000000e+02,7.967678363597084967e+01,8.174326024404756197e+01,4.562762164154664646e+01
8.000000000000000000e+00,0.000000000000000000e+00,1.950000000000000000e+02,6.576368814095189919e+01,1.327329630044047626e+01,8.915166145775229722e+01
8.000000000000000000e+00,0.000000000000000000e+00,1.960000000000000000e+02,8.156853979510574959e+01,8.062019160559535180e+01,4.983070135501033349e+01
8.000000000000000000e+00,0.000000000000000000e+00,1.970000000000000000e+02,1.882736915665450184e+01,7.000950416924128206e+01,1.426357431137616061e+01
8.000000000000000000e+00,0.000000000000000000e+00,1.980000000000000000e+02,7.714148574481043852e+01,1.631496416531262739e+01,8.807964842941466088e+01
8.000000000000000000e+00,0.000000000000000000e+00,1.990000000000000000e+02,9.118110964063667723e+01,2.389433020802054841e+01,4.360836879479377615e+01
9.000000000000000000e+00,0.000000000000000000e+00,0.000000000000000000e+00,2.803103101584246559e+01,7.811353456212688684e+01,2.567072432038463958e+01
9.000000000000000000e+00,0.000000000000000000e+00,1.000000000000000000e+00,7.245465169228455515e+00,1.585298036507565200e+01,7.873338472115109710e+01
9.000000000000000000e+00,0.000000000000000000e+00,2.000000000000000000e+00,3.933725226469216096e+01,2.865233869998721161e+01,8.372656569623823941e+01
9.000000000000000000e+00,0.000000000000000000e+00,3.000000000000000000e+00,1.132892631332784106e+01,8.045718839236180031e+01,7.431430042107108136e+01
9.000000000000000000e+00,0.000000000000000000e+00,4.000000000000000000e+00,8.609185439876081603e+01,8.753689482876039563e+01,6.552111850754346278e+01
9.000000000000000000e+00,0.000000000000000000e+00,5.000000000000000000e+00,3.619242546131462035e+01,5.738752387818724543e+01,1.791651847765868411e+01
9.000000000000000000e+00,0.000000000000000000e+00,6.000000000000000000e+00,8.343346791215251912e+00,1.829529182042750080e+01,8.417565335955580963e+01
9.000000000000000000e+00,0.000000000000000000e+00,7.000000000000000000e+00,6.622642952600946842e+01,9.231405720374800694e+01,2.646746175175331217e+01
9.000000000000000000e+00,0.000000000000000000e+00,8.000000000000000000e+00,1.198939503165441600e+01,8.587503594538569018e+01,7.665082818746292048e+01
9.000000000000000000e+00,0.000000000000000000e+00,9.000000000000000000e+00,4.736785268759668099e+01,2.849202496820772978e+01,7.855881881334919115e+01
9.000000000000000000e+00,0.000000000000000000e+00,1.000000000000000000e+01,6.824270450961238055e+01,7.142434923676852065e+01,7.092988145531242594e+01
9.000000000000000000e+00,0.000000000000000000e+00,1.100000000000000000e+01,4.497777208003451221e+01,3.399035198309557870e+01,7.665760753674079808e+01
9.000000000000000000e+00,0.000000000000000000e+00,1.200000000000000000e+01,1.368368504624487869e+01,8.015918626215821519e+01,7.743909765744420781e+01
9.000000000000000000e+00,0.000000000000000000e+00,1.300000000000000000e+01,7.540668170540726578e+01,2.033949678087085999e+01,1.837288457463468916e+01
9.000000000000000000e+00,0.000000000000000000e+00,1.400000000000000000e+01,4.549594838853067813e+01,2.692731082900209927e+01,8.264398780139279665e+01
9.000000000000000000e+00,0.000000000000000000e+00,1.500000000000000000e+01,8.676723346570616968e+01,8.797285492250991012e+01,6.969518009366989020e+01
9.000000000000000000e+00,0.000000000000000000e+00,1.600000000000000000e+01,1.741725745432913897e+01,2.222317667017255616e+01,4.045600086116271399e+01
9.000000000000000000e+00,0.000000000000000000e+00,1.700000000000000000e+01,8.757504054988331177e+01,9.226861278079405793e+01,6.697568341266706682e+01
9.000000000000000000e+00,0.000000000000000000e+00,1.800000000000000000e+01,7.717329111430672128e+01,2.434467779820090882e+01,2.037606997636454764e+01
9.000000000000000000e+00,0.000000000000000000e+00,1.900000000000000000e+01,5.094342120339325319e+00,1.900633294443311172e+01,8.226793841799674567e+01
9.000000000000000000e+00,0.000000000000000000e+00,2.000000000000000000e+01,2.965717358333780140e+01,7.611767018085981817e+01,2.158359168802804717e+01
9.000000000000000000e+00,0.000000000000000000e+00,2.100000000000000000e+01,3.336365758575892215e+01,5.940331030600913920e+01,1.586634404043385871e+01
9.000000000000000000e+00,0.000000000000000000e+00,2.200000000000000000e+01,3.427718818100947118e+01,5.762970215085989878e+01,1.409911507663886532e+01
9.000000000000000000e+00,0.000000000000000000e+00,2.300000000000000000e+01,3.583586784954223958e+01,5.981857442326707996e+01,1.294819204717741457e+01
9.000000000000000000e+00,0.000000000000000000e+00,2.400000000000000000e+01,9.380864162227487313e+00,2.061238200849446756e+01,4.048148211665792218e+01
9.000000000000000000e+00,0.000000000000000000e+00,2.500000000000000000e+01,6.810386809054664070e+01,6.654217813760497791e+01,7.245843061566380072e+01
9.000000000000000000e+00,0.000000000000000000e+00,2.600000000000000000e+01,6.285391656403875515e+01,8.699871728425453909e+01,3.183143410694956543e+01
9.000000000000000000e+00,0.000000000000000000e+00,2.700000000000000000e+01,6.690618902407922519e+01,7.054419735965545613e+01,6.878206292296493984e+01
9.000000000000000000e+00,0.000000000000000000e+00,2.800000000000000000e+01,6.318549176936019762e+01,8.977314416399775610e+01,3.205387857542895347e+01
9.000000000000000000e+00,0.000000000000000000e+00,2.900000000000000000e+01,8.123523612681705686e+01,2.529518693498365067e+01,2.331703202569174493e+01
9.000000000000000000e+00,0.000000000000000000e+00,3.000000000000000000e+01,3.394819280918080295e+01,7.579282434534158597e+01,2.064996214839429811e+01
9.000000000000000000e+00,0.000000000000000000e+00,3.100000000000000000e+01,4.381858710719694905e+00,1.753161834752844683e+01,8.144966949562599723e+01
9.000000000000000000e+00,0.000000000000000000e+00,3.200000000000000000e+01,6.636097179424166370e+01,6.569614848584816968e+01,7.130111782978116253e+01
9.000000000000000000e+00,0.000000000000000000e+00,3.300000000000000000e+01,6.010061558525595871e+01,8.643634535971179389e+01,3.006799177319590655e+01
9.000000000000000000e+00,0.000000000000000000e+00,3.400000000000000000e+01,7.956430546827617434e+01,2.261050556834678105e+01,1.663556836482624490e+01
9.000000000000000000e+00,0.000000000000000000e+00,3.500000000000000000e+01,6.933872075911044419e+01,6.989514854442437297e+01,7.115520285470309148e+01
9.000000000000000000e+00,0.000000000000000000e+00,3.600000000000000000e+01,1.149061197652225097e+01,1.821469996872084351e+01,4.088477998644219724e+01
9.000000000000000000e+00,0.000000000000000000e+00,3.700000000000000000e+01,3.202668276288203231e+01,7.501404604903950712e+01,2.554231427935166820e+01
9.000000000000000000e+00,0.000000000000000000e+00,3.800000000000000000e+01,4.862218999950787435e+01,2.548679112562405535e+01,8.042923944558741312e+01
9.000000000000000000e+00,0.000000000000000000e+00,3.900000000000000000e+01,1.391642491337732856e+01,8.289709074299183555e+01,7.010793712087193796e+01
9.000000000000000000e+00,0.000000000000000000e+00,4.000000000000000000e+01,6.404147967483987713e+01,8.953832118832461617e+01,3.607211241270850621e+01
9.000000000000000000e+00,0.000000000000000000e+00,4.100000000000000000e+01,6.409208136917661136e+01,9.065036895107152759e+01,2.952846704483100382e+01
9.000000000000000000e+00,0.000000000000000000e+00,4.200000000000000000e+01,3.353247103184840938e+01,5.835617141899540172e+01,1.945598082835779152e+01
9.000000000000000000e+00,0.000000000000000000e+00,4.300000000000000000e+01,6.602542981648716136e+01,7.033692835584866998e+01,7.065471804059940553e+01
9.000000000000000000e+00,0.000000000000000000e+00,4.400000000000000000e+01,4.633242086109043356e+01,2.601012294781383005e+01,8.014358738606817667e+01
9.000000000000000000e+00,0.000000000000000000e+00,4.500000000000000000e+01,6.445174858092306636e+01,8.830240505260276507e+01,2.776514361051230395e+01
9.000000000000000000e+00,0.000000000000000000e+00,4.600000000000000000e+01,7.973298641798309916e+01,2.114178745265968828e+01,2.093833717045600906e+01
9.000000000000000000e+00,0.000000000000000000e+00,4.700000000000000000e+01,3.429461174657320299e+01,5.738778238089124528e+01,1.234514355319738499e+01
9.000000000000000000e+00,0.000000000000000000e+00,4.800000000000000000e+01,6.708963558503516822e+01,6.796847573340079407e+01,6.933947244223482187e+01
9.000000000000000000e+00,0.000000000000000000e+00,4.900000000000000000e+01,7.020312203546322394e+01,6.855262860609778386e+01,6.916485113364423398e+01
9.000000000000000000e+00,0.000000000000000000e+00,5.000000000000000000e+01,5.877633824733888446e+01,8.784494462230335898e+01,2.640540062704599222e+01
9.000000000000000000e+00,0.000000000000000000e+00,5.100000000000000000e+01,1.331425717331170588e+01,8.472962301073692970e+01,7.252906841633055990e+01
9.000000000000000000e+00,0.000000000000000000e+00,5.200000000000000000e+01,3.762204664104743301e+01,5.822609147686351605e+01,1.298453441272210185e+01
9.000000000000000000e+00,0.000000000000000000e+00,5.300000000000000000e+01,8.661949614729398661e+01,9.105524423955512248e+01,7.248836356307963058e+01
9.000000000000000000e+00,0.000000000000000000e+00,5.400000000000000000e+01,4.405584071111919542e+01,3.196312175013510171e+01,8.375764203387284113e+01
9.000000000000000000e+00,0.000000000000000000e+00,5.500000000000000000e+01,7.974518963020047480e+00,2.010441643326893413e+01,8.348017293252766535e+01
9.000000000000000000e+00,0.000000000000000000e+00,5.600000000000000000e+01,1.352404767259955953e+01,7.676907150689777382e+01,7.462888178929996741e+01
9.000000000000000000e+00,0.000000000000000000e+00,5.700000000000000000e+01,1.590677748024411819e+01,8.546982464530572088e+01,7.260732151547070146e+01
9.000000000000000000e+00,0.000000000000000000e+00,5.800000000000000000e+01,1.022032891963321966e+01,8.300402220330788339e+01,7.046693963999017285e+01
9.000000000000000000e+00,0.000000000000000000e+00,5.900000000000000000e+01,1.210277711223145758e+01,1.888517456847584342e+01,4.064390733078773366e+01
9.000000000000000000e+00,0.000000000000000000e+00,6.000000000000000000e+01,3.647166488849551769e+01,5.525515507708231411e+01,1.269756648988439984e+01
9.000000000000000000e+00,0.000000000000000000e+00,6.100000000000000000e+01,3.277875243616979617e+01,7.948881890431259478e+01,2.695898711397031633e+01
9.000000000000000000e+00,0.000000000000000000e+00,6.200000000000000000e+01,1.246592575701920502e+01,8.227473028117081810e+01,7.284830353010509896e+01
9.000000000000000000e+00,0.000000000000000000e+00,6.300000000000000000e+01,2.991791168203378248e+01,7.934500171317883144e+01,2.119800260394869085e+01
9.000000000000000000e+00,0.000000000000000000e+00,6.400000000000000000e+01,8.789012514871704695e+01,9.434094271024164868e+01,7.007011283789358913e+01
9.000000000000000000e+00,0.000000000000000000e+00,6.500000000000000000e+01,6.310519661377947642e+01,8.549073685324071903e+01,3.249494421770617691e+01
9.000000000000000000e+00,0.000000000000000000e+00,6.600000000000000000e+01,2.929417782671665549e+01,7.875317113840785055e+01,2.502356632035509776e+01
9.000000000000000000e+00,0.000000000000000000e+00,6.700000000000000000e+01,7.905711882095543785e+01,2.382236783831937288e+01,1.886138469986126154e+01
9.000000000000000000e+00,0.000000000000000000e+00,6.800000000000000000e+01,8.646169229944304391e+01,8.950164224876250785e+01,6.751823108158936293e+01
9.000000000000000000e+00,0.000000000000000000e+00,6.900000000000000000e+01,4.717240892856847267e+01,2.171180574177398626e+01,8.324455841340355278e+01
9.000000000000000000e+00,0.000000000000000000e+00,7.000000000000000000e+01,8.851027791456864691e+01,9.112865849023964415e+01,7.312876774841498673e+01
9.000000000000000000e+00,0.000000000000000000e+00,7.100000000000000000e+01,3.259802133710464034e+01,5.947877363617088520e+01,1.263065547848614578e+01
9.000000000000000000e+00,0.000000000000000000e+00,7.200000000000000000e+01,8.579803029726139130e+01,9.325040449511955387e+01,6.885886499631747881e+01
9.000000000000000000e+00,0.000000000000000000e+00,7.300000000000000000e+01,8.657966275244507415e+01,8.473747746967057992e+01,6.724157735568071814e+01
9.000000000000000000e+00,0.000000000000000000e+00,7.400000000000000000e+01,3.570155130672058874e+01,8.003929160759561512e+01,1.963093966258193390e+01
9.000000000000000000e+00,0.000000000000000000e+00,7.500000000000000000e+01,8.922484271207086692e+01,9.185160409259454184e+01,6.793887429053117444e+01
9.000000000000000000e+00,0.000000000000000000e+00,7.600000000000000000e+01,7.029709369630592164e+01,6.441321578288270189e+01,7.195060227726469293e+01
9.000000000000000000e+00,0.000000000000000000e+00,7.700000000000000000e+01,4.572698509725902483e+01,3.320399890821536104e+01,7.928886485292412090e+01
9.000000000000000000e+00,0.000000000000000000e+00,7.800000000000000000e+01,1.837024717119030015e+01,8.528925510295142942e+01,7.285888021461600772e+01
9.000000000000000000e+00,0.000000000000000000e+00,7.900000000000000000e+01,1.580411321001008496e+01,8.284415996978439978e+01,7.220938244547713225e+01
9.000000000000000000e+00,0.000000000000000000e+00,8.000000000000000000e+01,8.284633128732319562e+01,2.308813816619205994e+01,1.945975222144969408e+01
9.000000000000000000e+00,0.000000000000000000e+00,8.100000000000000000e+01,6.138289841499605615e+01,8.840772520691528769e+01,3.151321798765305360e+01
9.000000000000000000e+00,0.000000000000000000e+00,8.200000000000000000e+01,8.924262930688703932e+01,8.976075883916452369e+01,7.080704897311177604e+01
9.000000000000000000e+00,0.000000000000000000e+00,8.300000000000000000e+01,1.199734843030068632e+01,1.937107628605076570e+01,4.117424835606964706e+01
9.000000000000000000e+00,0.000000000000000000e+00,8.400000000000000000e+01,1.184145769514998037e+01,2.210858696306338445e+01,8.449602032090353987e+01
9.000000000000000000e+00,0.000000000000000000e+00,8.500000000000000000e+01,3.635655519498193655e+01,7.825240916417399717e+01,2.447518441925960531e+01
9.000000000000000000e+00,0.000000000000000000e+00,8.600000000000000000e+01,1.103552203843718260e+01,8.461944198330436961e+01,7.561964280879355726e+01
9.000000000000000000e+00,0.000000000000000000e+00,8.700000000000000000e+01,1.740198123857157597e+01,8.238657151447081617e+01,7.565390091724337651e+01
9.000000000000000000e+00,0.000000000000000000e+00,8.800000000000000000e+01,3.472452253376227560e+01,5.552790837590763573e+01,1.625485778224827627e+01
9.000000000000000000e+00,0.000000000000000000e+00,8.900000000000000000e+01,6.924935267381098924e+01,7.060060019735281855e+01,6.860050609259158705e+01
9.000000000000000000e+00,0.000000000000000000e+00,9.000000000000000000e+01,2.634910013077972479e+01,8.036350932466885411e+01,2.416644701931732442e+01
9.000000000000000000e+00,0.000000000000000000e+00,9.100000000000000000e+01,8.730528762335227100e+01,8.499982959165950547e+01,6.873363962538800820e+01
9.000000000000000000e+00,0.000000000000000000e+00,9.200000000000000000e+01,1.393092887982871275e+01,8.022478119368192040e+01,7.314988180052800715e+01
9.000000000000000000e+00,0.000000000000000000e+00,9.300000000000000000e+01,3.964049919333277217e+01,3.500298668727698725e+01,8.258606847452793431e+01
9.000000000000000000e+00,0.000000000000000000e+00,9.400000000000000000e+01,6.863497507491283045e+01,7.112501809652641782e+01,7.330386265813683622e+01
9.000000000000000000e+00,0.000000000000000000e+00,9.500000000000000000e+01,1.426385625721953510e+01,1.765285845255018060e+01,4.100657414571779924e+01
9.000000000000000000e+00,0.000000000000000000e+00,9.600000000000000000e+01,3.269145652304560201e+01,5.571406493640394331e+01,1.464251548574719664e+01
9.000000000000000000e+00,0.000000000000000000e+00,9.700000000000000000e+01,3.251026307136357474e+01,8.150593677247792357e+01,2.455403343171695596e+01
9.000000000000000000e+00,0.000000000000000000e+00,9.800000000000000000e+01,7.143168641745532454e+00,2.209924206290828153e+01,8.424484077379594282e+01
9.000000000000000000e+00,0.000000000000000000e+00,9.900000000000000000e+01,4.320198022107143743e+01,2.685279290764256288e+01,8.406070466706000843e+01
9.000000000000000000e+00,0.000000000000000000e+00,1.000000000000000000e+02,1.511897848285151902e+01,1.990424394663051189e+01,3.698097639553562743e+01
9.000000000000000000e+00,0.000000000000000000e+00,1.010000000000000000e+02,3.462482656359472344e+01,8.097599863266133013e+01,2.365829462537471173e+01
9.000000000000000000e+00,0.000000000000000000e+00,1.020000000000000000e+02,6.498653046527493871e+01,8.905199165788410198e+01,3.120850360416834590e+01
9.000000000000000000e+00,0.000000000000000000e+00,1.030000000000000000e+02,6.861531468698173342e+01,6.727582070438367623e+01,7.012062686980478077e+01
9.000000000000000000e+00,0.000000000000000000e+00,1.040000000000000000e+02,8.195436721697450366e+01,2.661146013180859882e+01,1.624468380235902742e+01
9.000000000000000000e+00,0.000000000000000000e+00,1.050000000000000000e+02,4.166319859651128610e+00,2.144812786143944550e+01,8.075244914137887520e+01
9.000000000000000000e+00,0.000000000000000000e+00,1.060000000000000000e+02,5.843464872371284713e+01,9.000231792986353696e+01,3.091641934890411392e+01
9.000000000000000000e+00,0.000000000000000000e+00,1.070000000000000000e+02,4.569880023761475485e+01,3.083501632123203962e+01,7.968677718508705254e+01
9.000000000000000000e+00,0.000000000000000000e+00,1.080000000000000000e+02,1.331373188764833770e+01,8.351030430608058452e+01,7.752133794177112236e+01
9.000000000000000000e+00,0.000000000000000000e+00,1.090000000000000000e+02,1.534239196951476281e+01,8.375923310679034728e+01,7.776409298136533721e+01
9.000000000000000000e+00,0.000000000000000000e+00,1.100000000000000000e+02,8.555168222659162325e+01,9.119623496978397270e+01,6.690487812080715457e+01
9.000000000000000000e+00,0.000000000000000000e+00,1.110000000000000000e+02,6.471967094958996825e+01,8.186035582197391136e+01,2.988809873048091958e+01
9.000000000000000000e+00,0.000000000000000000e+00,1.120000000000000000e+02,8.465277748348329112e+01,9.128535162340371301e+01,6.812248765435612086e+01
9.000000000000000000e+00,0.000000000000000000e+00,1.130000000000000000e+02,1.501310991481236812e+01,8.762512588498738353e+01,7.496396840152418406e+01
9.000000000000000000e+00,0.000000000000000000e+00,1.140000000000000000e+02,3.536782375972344283e+01,5.908049095526905603e+01,1.524890803030874942e+01
9.000000000000000000e+00,0.000000000000000000e+00,1.150000000000000000e+02,6.508212194855232724e+00,1.972154893660447073e+01,8.032146607877766087e+01
9.000000000000000000e+00,0.000000000000000000e+00,1.160000000000000000e+02,4.089078013790606292e+01,6.254178502274032780e+01,1.362381546695080381e+01
9.000000000000000000e+00,0.000000000000000000e+00,1.170000000000000000e+02,8.705238576228934733e+01,9.336144927175632802e+01,7.230704311314001131e+01
9.000000000000000000e+00,0.000000000000000000e+00,1.180000000000000000e+02,3.293287718665389008e+01,7.847346553413079562e+01,2.525751469969904761e+01
9.000000000000000000e+00,0.000000000000000000e+00,1.190000000000000000e+02,1.530850977685854986e+01,8.396204711313789915e+01,7.524029476175614661e+01
9.000000000000000000e+00,0.000000000000000000e+00,1.200000000000000000e+02,6.210027553674430578e+01,8.962748831320296006e+01,2.602248439151035342e+01
9.000000000000000000e+00,0.000000000000000000e+00,1.210000000000000000e+02,6.383099339272683181e+01,9.305420705637912704e+01,2.953511325711617630e+01
9.000000000000000000e+00,0.000000000000000000e+00,1.220000000000000000e+02,4.249099820109435655e+01,3.038691349197895164e+01,8.151282056057718250e+01
9.000000000000000000e+00,0.000000000000000000e+00,1.230000000000000000e+02,6.560793600798830028e+01,9.358550337973875344e+01,3.093126816462823925e+01
9.000000000000000000e+00,0.000000000000000000e+00,1.240000000000000000e+02,3.034975518522201199e+01,8.227861030685421895e+01,2.638872340798684135e+01
9.000000000000000000e+00,0.000000000000000000e+00,1.250000000000000000e+02,4.920389814088982128e+00,1.928693891066821564e+01,7.595295160016338798e+01
9.000000000000000000e+00,0.000000000000000000e+00,1.260000000000000000e+02,4.156728364481715232e+01,3.723897082179953344e+01,7.872131932683116418e+01
9.000000000000000000e+00,0.000000000000000000e+00,1.270000000000000000e+02,3.607498421611362005e+01,6.196938578250153284e+01,1.867466420880008116e+01
9.000000000000000000e+00,0.000000000000000000e+00,1.280000000000000000e+02,4.830966581646613633e+00,1.964880795748822351e+01,8.634972333315016613e+01
9.000000000000000000e+00,0.000000000000000000e+00,1.290000000000000000e+02,6.413397042558497674e+01,8.671592543679683729e+01,2.840465454053142835e+01
9.000000000000000000e+00,0.000000000000000000e+00,1.300000000000000000e+02,4.451878685729865737e+01,2.275663088220354169e+01,8.364889807285439360e+01
9.000000000000000000e+00,0.000000000000000000e+00,1.310000000000000000e+02,6.318426218590590082e+01,9.188404967548264324e+01,3.208374803938738751e+01
9.000000000000000000e+00,0.000000000000000000e+00,1.320000000000000000e+02,4.829329506493676405e+01,3.000017432170605858e+01,7.670074429669216443e+01
9.000000000000000000e+00,0.000000000000000000e+00,1.330000000000000000e+02,8.831742876732697312e+01,8.975599228398887419e+01,6.759539063835624972e+01
9.000000000000000000e+00,0.000000000000000000e+00,1.340000000000000000e+02,7.482208507344850545e+00,2.378152935249111977e+01,8.202238864981556787e+01
9.000000000000000000e+00,0.000000000000000000e+00,1.350000000000000000e+02,1.331289773461176118e+01,8.088420165559188035e+01,7.555318904069417840e+01
9.000000000000000000e+00,0.000000000000000000e+00,1.360000000000000000e+02,1.707320256621725107e+01,1.572578967987457332e+01,3.740017706669332398e+01
9.000000000000000000e+00,0.000000000000000000e+00,1.370000000000000000e+02,1.432891631587923698e+01,8.506286315421709787e+01,6.850392902536053441e+01
9.000000000000000000e+00,0.000000000000000000e+00,1.380000000000000000e+02,4.595403385243837846e+01,2.458138111891182120e+01,8.089754151642389957e+01
9.000000000000000000e+00,0.000000000000000000e+00,1.390000000000000000e+02,1.665063136232664931e+01,8.555310656313100992e+01,6.845955381261640582e+01
9.000000000000000000e+00,0.000000000000000000e+00,1.400000000000000000e+02,8.138733921651447645e+01,2.519319123685247774e+01,1.927119640593004846e+01
9.000000000000000000e+00,0.000000000000000000e+00,1.410000000000000000e+02,8.718500576756839848e+01,8.774493795279087749e+01,7.252287029455615652e+01
9.000000000000000000e+00,0.000000000000000000e+00,1.420000000000000000e+02,1.073662955434325639e+01,1.806406384505486429e+01,4.005411539135735666e+01
9.000000000000000000e+00,0.000000000000000000e+00,1.430000000000000000e+02,1.695838277322951626e+01,8.217693864007554794e+01,6.981068344158136085e+01
9.000000000000000000e+00,0.000000000000000000e+00,1.440000000000000000e+02,1.374179046511142133e+01,8.646047205081625009e+01,7.467253095905591920e+01
9.000000000000000000e+00,0.000000000000000000e+00,1.450000000000000000e+02,6.677089207075319166e+01,6.556217726811806301e+01,6.860803465930290201e+01
9.000000000000000000e+00,0.000000000000000000e+00,1.460000000000000000e+02,6.420576900955288124e+01,6.942851116002569256e+01,7.369182914097731896e+01
9.000000000000000000e+00,0.000000000000000000e+00,1.470000000000000000e+02,1.356792920341929154e+01,1.926395506730004925e+01,4.030678641689796393e+01
9.000000000000000000e+00,0.000000000000000000e+00,1.480000000000000000e+02,8.631642592426238991e+01,9.046956509779668920e+01,6.986515312185632354e+01
9.000000000000000000e+00,0.000000000000000000e+00,1.490000000000000000e+02,8.895729756425973278e+01,9.291574552428085099e+01,7.063228009840226207e+01
9.000000000000000000e+00,0.000000000000000000e+00,1.500000000000000000e+02,6.515280477265439174e+01,8.492890785029391054e+01,3.001599955368507011e+01
9.000000000000000000e+00,0.000000000000000000e+00,1.510000000000000000e+02,3.666620032573512589e+01,5.976993367376151411e+01,1.612430246436321113e+01
9.000000000000000000e+00,0.000000000000000000e+00,1.520000000000000000e+02,6.833883601897375115e+01,6.842557707819827328e+01,7.224892179787089219e+01
9.000000000000000000e+00,0.000000000000000000e+00,1.530000000000000000e+02,8.144511839978979140e+01,2.388698520261003821e+01,2.047066797206221622e+01
9.000000000000000000e+00,0.000000000000000000e+00,1.540000000000000000e+02,1.280643048948802409e+01,9.109836681550505944e+01,7.668681668399395335e+01
9.000000000000000000e+00,0.000000000000000000e+00,1.550000000000000000e+02,4.688352510403929330e+01,2.983097460167445547e+01,8.061787303669024141e+01
9.000000000000000000e+00,0.000000000000000000e+00,1.560000000000000000e+02,1.677848547676411783e+01,8.502252111976306992e+01,7.540097490932389235e+01
9.000000000000000000e+00,0.000000000000000000e+00,1.570000000000000000e+02,7.024116249119505540e+01,6.633433000163485360e+01,7.246735452962194302e+01
9.000000000000000000e+00,0.000000000000000000e+00,1.580000000000000000e+02,8.993438981327912529e+01,8.702623968029732282e+01,7.021163964013082648e+01
9.000000000000000000e+00,0.000000000000000000e+00,1.590000000000000000e+02,4.767295307393040105e+01,2.751699500719011127e+01,8.174498188626769490e+01
9.000000000000000000e+00,0.000000000000000000e+00,1.600000000000000000e+02,2.873543477641991828e+01,8.156125426345430185e+01,2.216164830717335477e+01
9.000000000000000000e+00,0.000000000000000000e+00,1.610000000000000000e+02,6.074301890947695171e+01,9.312787757466416849e+01,3.180178785542488740e+01
9.000000000000000000e+00,0.000000000000000000e+00,1.620000000000000000e+02,1.863289448233804890e+01,8.561041636902399432e+01,7.777828853962323308e+01
9.000000000000000000e+00,0.000000000000000000e+00,1.630000000000000000e+02,3.983693387742415837e+01,5.759282031955240200e+01,1.357900223398917738e+01
9.000000000000000000e+00,0.000000000000000000e+00,1.640000000000000000e+02,8.500636767209637412e+01,2.675723064623707259e+01,2.075457270680484712e+01
9.000000000000000000e+00,0.000000000000000000e+00,1.650000000000000000e+02,4.992170535227591444e+01,2.486072811134976135e+01,7.985322096977422746e+01
9.000000000000000000e+00,0.000000000000000000e+00,1.660000000000000000e+02,6.885005123101001345e+01,6.574386360122383621e+01,6.932160633138160222e+01
9.000000000000000000e+00,0.000000000000000000e+00,1.670000000000000000e+02,3.019571179304732311e+01,5.934034680622423252e+01,1.572605917077473414e+01
9.000000000000000000e+00,0.000000000000000000e+00,1.680000000000000000e+02,6.456508136103475692e+01,6.644310102848575639e+01,6.910432239908602980e+01
9.000000000000000000e+00,0.000000000000000000e+00,1.690000000000000000e+02,7.100755167959835035e+01,6.821729826220075665e+01,7.272268047779171241e+01
9.000000000000000000e+00,0.000000000000000000e+00,1.700000000000000000e+02,8.891830914713989387e+01,9.465834922446505573e+01,6.905266248381488481e+01
9.000000000000000000e+00,0.000000000000000000e+00,1.710000000000000000e+02,8.888375613051231028e+01,9.038488584007536986e+01,7.113976997464250474e+01
9.000000000000000000e+00,0.000000000000000000e+00,1.720000000000000000e+02,6.158756325298173806e+01,9.073110629591707266e+01,3.208127124652951068e+01
9.000000000000000000e+00,0.000000000000000000e+00,1.730000000000000000e+02,1.593587299764106469e+01,7.936453553298123609e+01,7.345782434415737328e+01
9.000000000000000000e+00,0.000000000000000000e+00,1.740000000000000000e+02,3.262144852450965971e+01,7.999894137280108453e+01,2.034685540020758410e+01
9.000000000000000000e+00,0.000000000000000000e+00,1.750000000000000000e+02,1.236157136757938879e+01,8.713215800406742062e+01,7.083848180208589440e+01
9.000000000000000000e+00,0.000000000000000000e+00,1.760000000000000000e+02,1.207781160208730142e+01,1.943245975752294186e+01,4.093136172858680766e+01
9.000000000000000000e+00,0.000000000000000000e+00,1.770000000000000000e+02,6.024114824850214234e+01,9.241852872641233319e+01,2.695127889983712066e+01
9.000000000000000000e+00,0.000000000000000000e+00,1.780000000000000000e+02,3.869037695202205640e+01,6.076564774164400973e+01,1.512863159498484400e+01
9.000000000000000000e+00,0.000000000000000000e+00,1.790000000000000000e+02,4.035397232967564207e+01,5.919573385071724658e+01,1.793393183131946245e+01
9.000000000000000000e+00,0.000000000000000000e+00,1.800000000000000000e+02,1.183007167526453607e+01,1.895237087754570382e+01,3.990785419382047650e+01
9.000000000000000000e+00,0.000000000000000000e+00,1.810000000000000000e+02,3.492336794818800882e+01,8.254046308680776178e+01,2.678195298891942855e+01
9.000000000000000000e+00,0.000000000000000000e+00,1.820000000000000000e+02,6.169086811616961086e+01,9.290814673570491777e+01,2.916712496190814008e+01
9.000000000000000000e+00,0.000000000000000000e+00,1.830000000000000000e+02,6.878707105324437521e+01,6.767436475097329662e+01,7.514978582308572186e+01
9.000000000000000000e+00,0.000000000000000000e+00,1.840000000000000000e+02,1.697990522824898108e+01,7.938893473826169611e+01,7.566027165718000447e+01
9.000000000000000000e+00,0.000000000000000000e+00,1.850000000000000000e+02,6.080425810456722502e+01,8.560046005462595531e+01,2.876428253147543757e+01
9.000000000000000000e+00,0.000000000000000000e+00,1.860000000000000000e+02,8.855124695909607624e+01,8.659678414089003695e+01,6.907921090409629983e+01
9.000000000000000000e+00,0.000000000000000000e+00,1.870000000000000000e+02,1.069404448292574905e+01,1.823436290614504074e+01,4.173368562922766500e+01
9.000000000000000000e+00,0.000000000000000000e+00,1.880000000000000000e+02,6.305942885704480005e+01,6.750903982170528650e+01,7.048959238145071993e+01
9.000000000000000000e+00,0.000000000000000000e+00,1.890000000000000000e+02,1.149390860315606488e+01,2.400323921900930202e+01,4.062172554513551148e+01
9.000000000000000000e+00,0.000000000000000000e+00,1.900000000000000000e+02,1.286585176026592592e+01,7.899641504909689615e+01,7.022403676557719621e+01
9.000000000000000000e+00,0.000000000000000000e+00,1.910000000000000000e+02,3.210823931985097346e+01,8.263673659981584763e+01,2.229546595974055379e+01
9.000000000000000000e+00,0.000000000000000000e+00,1.920000000000000000e+02,1.451612113583011876e+01,8.891579577944941093e+01,7.177709597011882181e+01
9.000000000000000000e+00,0.000000000000000000e+00,1.930000000000000000e+02,8.553413100192358343e+01,9.383882887737419765e+01,6.649494068385810408e+01
9.000000000000000000e+00,0.000000000000000000e+00,1.940000000000000000e+02,6.150235247355809065e+01,8.947569360581346132e+01,2.875932702826760234e+01
9.000000000000000000e+00,0.000000000000000000e+00,1.950000000000000000e+02,3.348657565402711356e+01,7.732388118347077466e+01,2.251361315840556898e+01
9.000000000000000000e+00,0.000000000000000000e+00,1.960000000000000000e+02,8.390607796804175678e+00,2.152825829444112316e+01,8.771447262453774840e+01
9.000000000000000000e+00,0.000000000000000000e+00,1.970000000000000000e+02,8.337695388393071028e+01,8.824907703614758248e+01,6.733204779131138196e+01
9.000000000000000000e+00,0.000000000000000000e+00,1.980000000000000000e+02,3.614761627096009988e+01,5.739567082119830133e+01,1.378512988515846871e+01
9.000000000000000000e+00,0.000000000000000000e+00,1.990000000000000000e+02,4.740228468779854865e+01,2.541582599910280038e+01,8.393312924122449203e+01
1.000000000000000000e+01,0.000000000000000000e+00,0.000000000000000000e+00,8.271135423521934626e+01,2.204378767131633410e+01,4.115293361600028987e+01
1.000000000000000000e+01,0.000000000000000000e+00,1.000000000000000000e+00,1.965134976773551756e+01,7.483238001890953228e+00,7.942866505524949616e+01
1.000000000000000000e+01,0.000000000000000000e+00,2.000000000000000000e+00,2.654835250253550072e+01,4.018853028339699307e+01,4.913288613960899198e+01
1.000000000000000000e+01,0.000000000000000000e+00,3.000000000000000000e+00,6.776367364884312394e+01,4.086389632256710058e+01,9.388254772721207075e+01
1.000000000000000000e+01,0.000000000000000000e+00,4.000000000000000000e+00,8.224550735284209679e+01,8.858022889165646063e+01,7.306191717731309154e+00
1.000000000000000000e+01,0.000000000000000000e+00,5.000000000000000000e+00,8.228687267708323816e+01,8.932609857291490130e+01,6.878520760805129086e+00
1.000000000000000000e+01,0.000000000000000000e+00,6.000000000000000000e+00,8.493294805131634462e+01,8.981124422937450902e+01,9.566742824502444620e+00
1.000000000000000000e+01,0.000000000000000000e+00,7.000000000000000000e+00,8.620403809934376227e+01,8.357502824593683499e+01,7.064242403514763069e+00
1.000000000000000000e+01,0.000000000000000000e+00,8.000000000000000000e+00,1.790210680066496352e+01,5.671469756052132993e+00,7.922262368253562670e+01
1.000000000000000000e+01,0.000000000000000000e+00,9.000000000000000000e+00,6.539977550328929112e+01,4.503082058361474083e+01,8.947040647067454699e+01
1.000000000000000000e+01,0.000000000000000000e+00,1.000000000000000000e+01,9.135901886984507314e+01,3.022387160231520298e+01,4.441294284670537706e+01
1.000000000000000000e+01,0.000000000000000000e+00,1.100000000000000000e+01,8.054888583689107406e+01,8.629855379871446530e+01,6.606813254392824852e+00
1.000000000000000000e+01,0.000000000000000000e+00,1.200000000000000000e+01,9.516130320296993261e+01,4.265278482881575428e+01,6.140745927940786331e+00
1.000000000000000000e+01,0.000000000000000000e+00,1.300000000000000000e+01,8.358399820992934792e+01,8.482212169721137229e+01,6.746773507073055676e+00
1.000000000000000000e+01,0.000000000000000000e+00,1.400000000000000000e+01,8.458237016538247133e+01,8.348036013775924857e+01,6.333720706308461068e+00
1.000000000000000000e+01,0.000000000000000000e+00,1.500000000000000000e+01,2.608416833975679694e+01,7.607507687356665826e+00,7.600053905544521626e+01
1.000000000000000000e+01,0.000000000000000000e+00,1.600000000000000000e+01,6.663572932469860177e+01,4.357824753345513358e+01,9.584211635671006491e+01
1.000000000000000000e+01,0.000000000000000000e+00,1.700000000000000000e+01,2.020770289375909812e+01,9.230221448037579535e+01,3.540624811354069834e+01
1.000000000000000000e+01,0.000000000000000000e+00,1.800000000000000000e+01,8.368279521619533057e+01,8.227602305235446067e+01,5.627146956135787192e+00
1.000000000000000000e+01,0.000000000000000000e+00,1.900000000000000000e+01,7.917927870952911462e+01,8.662997824003312530e+01,6.515501969488710188e+00
1.000000000000000000e+01,0.000000000000000000e+00,2.000000000000000000e+01,7.072104694132281111e+01,3.762021749455510644e+01,9.008442679125245434e+01
1.000000000000000000e+01,0.000000000000000000e+00,2.100000000000000000e+01,9.255683100376353423e+01,4.821983510823837094e+01,4.140299617620073747e+01
1.000000000000000000e+01,0.000000000000000000e+00,2.200000000000000000e+01,6.501116951565555269e+01,4.229822021700440615e+01,9.238086654551321431e+01
1.000000000000000000e+01,0.000000000000000000e+00,2.300000000000000000e+01,9.071075227103260374e+01,2.678696910118662800e+01,3.683756360046632494e+01
1.000000000000000000e+01,0.000000000000000000e+00,2.400000000000000000e+01,2.529189061481366352e+01,4.136633833357650758e+01,5.177478076168076626e+01
1.000000000000000000e+01,0.000000000000000000e+00,2.500000000000000000e+01,8.990063276240603329e+01,3.794689234725890969e+01,4.135278926912299369e+01
1.000000000000000000e+01,0.000000000000000000e+00,2.600000000000000000e+01,8.542873103678461177e+01,9.016199753486698398e+01,7.788735731873487111e+00
1.000000000000000000e+01,0.000000000000000000e+00,2.700000000000000000e+01,9.405331793376134897e+01,4.801309486828609607e+01,4.990415418349066989e+00
1.000000000000000000e+01,0.000000000000000000e+00,2.800000000000000000e+01,2.095377673183509515e+01,9.063331031587703990e+01,3.656346793959082930e+01
1.000000000000000000e+01,0.000000000000000000e+00,2.900000000000000000e+01,7.348507569549635576e+00,1.527365960028861736e+01,4.126483771551763624e+01
1.000000000000000000e+01,0.000000000000000000e+00,3.000000000000000000e+01,8.951976073073090845e+01,3.393885147036824890e+01,4.407873625097240478e+01
1.000000000000000000e+01,0.000000000000000000e+00,3.100000000000000000e+01,2.201651549889852078e+01,5.364634154738336491e+00,8.155630775195275817e+01
1.000000000000000000e+01,0.000000000000000000e+00,3.200000000000000000e+01,6.557521536407351448e+01,3.946672384813126655e+01,8.655549514046437309e+01
1.000000000000000000e+01,0.000000000000000000e+00,3.300000000000000000e+01,9.208405001013115054e+01,4.782229314139942034e+01,4.636157412940555389e+01
1.000000000000000000e+01,0.000000000000000000e+00,3.400000000000000000e+01,2.283770148611571216e+01,9.191996886297471292e+01,3.471540819989960625e+01
1.000000000000000000e+01,0.000000000000000000e+00,3.500000000000000000e+01,6.364343042825795749e+01,4.641016230899472816e+01,9.258251379326443953e+01
1.000000000000000000e+01,0.000000000000000000e+00,3.600000000000000000e+01,9.311886016306651470e+00,5.862858208864526688e+00,4.062665968896896374e+01
1.000000000000000000e+01,0.000000000000000000e+00,3.700000000000000000e+01,8.385953720282707025e+01,2.166537847281595575e+01,3.121047579869795641e+01
1.000000000000000000e+01,0.000000000000000000e+00,3.800000000000000000e+01,8.109474360813646854e+01,8.220663282284279205e+01,6.181560264479091238e+00
1.000000000000000000e+01,0.000000000000000000e+00,3.900000000000000000e+01,2.261115751690769926e+01,9.412797447046750676e+01,3.528359730003868577e+01
1.000000000000000000e+01,0.000000000000000000e+00,4.000000000000000000e+01,1.224610361677210335e+01,6.933964587732876161e+00,4.320271786882291565e+01
1.000000000000000000e+01,0.000000000000000000e+00,4.100000000000000000e+01,8.662467746600201224e+01,2.508918157835085694e+01,4.178890073625946400e+01
1.000000000000000000e+01,0.000000000000000000e+00,4.200000000000000000e+01,6.648807807798900171e+01,4.019866583461109855e+01,8.992653858017537516e+01
1.000000000000000000e+01,0.000000000000000000e+00,4.300000000000000000e+01,6.781566513176917965e+01,3.917162913528822799e+01,8.751060215533479436e+01
1.000000000000000000e+01,0.000000000000000000e+00,4.400000000000000000e+01,2.398769786506794688e+01,8.102286150656903274e+00,7.913535904398349885e+01
1.000000000000000000e+01,0.000000000000000000e+00,4.500000000000000000e+01,7.213522013726374027e+00,4.601849280529171082e+00,4.245281671439840210e+01
1.000000000000000000e+01,0.000000000000000000e+00,4.600000000000000000e+01,9.395790944835550818e+01,4.446014803010843508e+01,4.100288800861845218e+00
1.000000000000000000e+01,0.000000000000000000e+00,4.700000000000000000e+01,6.768515363220147663e+01,4.949466604881961018e+01,9.149068999971446203e+01
1.000000000000000000e+01,0.000000000000000000e+00,4.800000000000000000e+01,6.432738340574803715e+01,4.773914185143667055e+01,8.931572279669545367e+01
1.000000000000000000e+01,0.000000000000000000e+00,4.900000000000000000e+01,9.569003398479491551e+00,8.135412696196539173e+00,4.417242637080732237e+01
1.000000000000000000e+01,0.000000000000000000e+00,5.000000000000000000e+01,8.067095067398584263e+01,8.386600950709892288e+01,8.484940155955696284e+00
1.000000000000000000e+01,0.000000000000000000e+00,5.100000000000000000e+01,8.563362412692079317e+00,6.545873497689422393e+00,4.221063694716059445e+01
1.000000000000000000e+01,0.000000000000000000e+00,5.200000000000000000e+01,6.679232576939408261e+01,3.765737570925598021e+01,8.907423160654143146e+01
1.000000000000000000e+01,0.000000000000000000e+00,5.300000000000000000e+01,2.211017077923994378e+01,9.064681626871865205e+01,3.427835997224122622e+01
1.000000000000000000e+01,0.000000000000000000e+00,5.400000000000000000e+01,8.922405456786744082e+01,2.095642923065075180e+01,3.665995179603733334e+01
1.000000000000000000e+01,0.000000000000000000e+00,5.500000000000000000e+01,8.866680868842634311e+01,2.906189960746968026e+01,3.983134754493013219e+01
1.000000000000000000e+01,0.000000000000000000e+00,5.600000000000000000e+01,9.173979334363997395e+01,3.264599222644705634e+01,4.032594910454001536e+01
1.000000000000000000e+01,0.000000000000000000e+00,5.700000000000000000e+01,1.343427287730111708e+01,1.203766688804118878e+01,4.296514579453558014e+01
1.000000000000000000e+01,0.000000000000000000e+00,5.800000000000000000e+01,8.252502940042226953e+01,8.616239850228308228e+01,6.367637765693332952e+00
1.000000000000000000e+01,0.000000000000000000e+00,5.900000000000000000e+01,2.707370118267366621e+01,3.772872500990665401e+01,5.001625030292063911e+01
1.000000000000000000e+01,0.000000000000000000e+00,6.000000000000000000e+01,9.084002666655455016e+01,3.543275466162234011e+01,4.943187761902647992e+01
1.000000000000000000e+01,0.000000000000000000e+00,6.100000000000000000e+01,6.662177196121105283e+01,4.425539641377344680e+01,9.092143387436375690e+01
1.000000000000000000e+01,0.000000000000000000e+00,6.200000000000000000e+01,8.722173350784447621e+01,8.724151370340031519e+01,6.718213242743011016e+00
1.000000000000000000e+01,0.000000000000000000e+00,6.300000000000000000e+01,9.068825871209452316e+01,2.359828268935217110e+01,3.391931887324410155e+01
1.000000000000000000e+01,0.000000000000000000e+00,6.400000000000000000e+01,9.524104972154244564e+00,1.557503599184460619e+01,3.834753598522931384e+01
1.000000000000000000e+01,0.000000000000000000e+00,6.500000000000000000e+01,1.625442551015771997e+01,9.746286717508251485e+00,7.941815043608580993e+01
1.000000000000000000e+01,0.000000000000000000e+00,6.600000000000000000e+01,8.822130091122446061e+01,2.267776103211582850e+01,3.882986440606747891e+01
1.000000000000000000e+01,0.000000000000000000e+00,6.700000000000000000e+01,8.914405547880022596e+01,3.835068827237711986e+01,4.522540501884238751e+01
1.000000000000000000e+01,0.000000000000000000e+00,6.800000000000000000e+01,1.082661666722959204e+01,1.103791748860301958e+01,3.733619783114536261e+01
1.000000000000000000e+01,0.000000000000000000e+00,6.900000000000000000e+01,2.326964089776201661e+01,6.964866096931233486e+00,7.706446535426466937e+01
1.000000000000000000e+01,0.000000000000000000e+00,7.000000000000000000e+01,8.186676159126118080e+01,8.626054348220822021e+01,6.534367100594867139e+00
1.000000000000000000e+01,0.000000000000000000e+00,7.100000000000000000e+01,2.236045603423661987e+01,9.237510946724694350e+01,3.656837716491931189e+01
1.000000000000000000e+01,0.000000000000000000e+00,7.200000000000000000e+01,6.811063916070632729e+01,3.124814539828077642e+01,8.689093777036373467e+01
1.000000000000000000e+01,0.000000000000000000e+00,7.300000000000000000e+01,2.077738431788885620e+01,7.062983516244150550e+00,7.656719545279416650e+01
1.000000000000000000e+01,0.000000000000000000e+00,7.400000000000000000e+01,2.271234445703458249e+01,8.865824142157960353e+01,3.261915626337538043e+01
1.000000000000000000e+01,0.000000000000000000e+00,7.500000000000000000e+01,6.783505164496204998e+01,3.856698426925022716e+01,9.208557322890916907e+01
1.000000000000000000e+01,0.000000000000000000e+00,7.600000000000000000e+01,2.927697624728010695e+01,3.618848301302543291e+01,4.863403388286916140e+01
1.000000000000000000e+01,0.000000000000000000e+00,7.700000000000000000e+01,8.157234547720045725e+01,8.691774129289795781e+01,8.193412943033901996e+00
1.000000000000000000e+01,0.000000000000000000e+00,7.800000000000000000e+01,9.454460658401642092e+01,4.281193379543393718e+01,5.248470016625833345e+00
1.000000000000000000e+01,0.000000000000000000e+00,7.900000000000000000e+01,6.801326837617467902e+01,3.480807919783930515e+01,8.656245339987606258e+01
1.000000000000000000e+01,0.000000000000000000e+00,8.000000000000000000e+01,1.153458398407721575e+01,6.450620700344630976e+00,3.908756516494212718e+01
1.000000000000000000e+01,0.000000000000000000e+00,8.100000000000000000e+01,8.732962195182697940e+01,2.510983591348968957e+01,3.270386434535781461e+01
1.000000000000000000e+01,0.000000000000000000e+00,8.200000000000000000e+01,1.313970195792324880e+01,1.867872308967473671e+01,3.618461419511876898e+01
1.000000000000000000e+01,0.000000000000000000e+00,8.300000000000000000e+01,2.499502545521350783e+01,3.667628683393787270e+01,4.765584918020160643e+01
1.000000000000000000e+01,0.000000000000000000e+00,8.400000000000000000e+01,2.548850109540823183e+01,3.613572192029407404e+01,4.673273058805447988e+01
1.000000000000000000e+01,0.000000000000000000e+00,8.500000000000000000e+01,7.513001473855402956e+00,1.026782899165376328e+01,3.928635300436765476e+01
1.000000000000000000e+01,0.000000000000000000e+00,8.600000000000000000e+01,9.415445104040635727e+01,5.179362711883003101e+01,4.998792480374754099e+00
1.000000000000000000e+01,0.000000000000000000e+00,8.700000000000000000e+01,2.716767009378437692e+01,3.557332313611193797e+01,4.663603990277054834e+01
1.000000000000000000e+01,0.000000000000000000e+00,8.800000000000000000e+01,9.393594774057207530e+01,4.019046487186543004e+01,7.427196459017509689e+00
1.000000000000000000e+01,0.000000000000000000e+00,8.900000000000000000e+01,9.373637703681943378e+01,3.550759741837126171e+01,4.510420569271997948e+01
1.000000000000000000e+01,0.000000000000000000e+00,9.000000000000000000e+01,2.103800764672601886e+01,5.740882287381675830e+00,7.832531716981242198e+01
1.000000000000000000e+01,0.000000000000000000e+00,9.100000000000000000e+01,8.203889093825884515e+01,8.294433002083606254e+01,7.019144663373468873e+00
1.000000000000000000e+01,0.000000000000000000e+00,9.200000000000000000e+01,2.323061510750564906e+01,9.286580696027172621e+01,3.080131983338448620e+01
1.000000000000000000e+01,0.000000000000000000e+00,9.300000000000000000e+01,9.405372934804309182e+01,3.648292383860241017e+01,2.842432559575976470e+01
1.000000000000000000e+01,0.000000000000000000e+00,9.400000000000000000e+01,2.177417178172219536e+01,8.772944312060824146e+00,7.941847275193318012e+01
1.000000000000000000e+01,0.000000000000000000e+00,9.500000000000000000e+01,2.069319829995554372e+01,9.416243684954201854e+01,3.748211749040199692e+01
1.000000000000000000e+01,0.000000000000000000e+00,9.600000000000000000e+01,6.500499888528879922e+01,3.588151084348536557e+01,8.707881910824343663e+01
1.000000000000000000e+01,0.000000000000000000e+00,9.700000000000000000e+01,6.454302597223515647e+01,4.507233177253851863e+01,9.083426241167242665e+01
1.000000000000000000e+01,0.000000000000000000e+00,9.800000000000000000e+01,1.048420371491611647e+01,4.240136607077110931e+00,4.501286840472931772e+01
1.000000000000000000e+01,0.000000000000000000e+00,9.900000000000000000e+01,2.699667663690554065e+01,3.607602121395864714e+01,4.864183004814389477e+01
1.000000000000000000e+01,0.000000000000000000e+00,1.000000000000000000e+02,8.368784558862751055e+01,1.932507282463102172e+01,3.779420213031343678e+01
1.000000000000000000e+01,0.000000000000000000e+00,1.010000000000000000e+02,8.925440024803306471e+01,3.685996496792848376e+01,1.086769445513712462e+01
1.000000000000000000e+01,0.000000000000000000e+00,1.020000000000000000e+02,6.417846614706473929e+01,4.759447230286659192e+01,9.103649351284296642e+01
1.000000000000000000e+01,0.000000000000000000e+00,1.030000000000000000e+02,1.872558800791809119e+01,7.208907160736631070e+00,8.058038765230276113e+01
1.000000000000000000e+01,0.000000000000000000e+00,1.040000000000000000e+02,1.092813623587455396e+01,1.921113482680322093e+01,4.094127898619196770e+01
1.000000000000000000e+01,0.000000000000000000e+00,1.050000000000000000e+02,2.502133150810352191e+01,3.819863476944799885e+01,5.003234335888813433e+01
1.000000000000000000e+01,0.000000000000000000e+00,1.060000000000000000e+02,6.672556891577046656e+01,4.588275857100796884e+01,9.460154833687226983e+01
1.000000000000000000e+01,0.000000000000000000e+00,1.070000000000000000e+02,6.237188922412603631e+01,3.869431029874777295e+01,8.919974187620384498e+01
1.000000000000000000e+01,0.000000000000000000e+00,1.080000000000000000e+02,8.688212266401200168e+01,2.346419379853776377e+01,3.529577222995007446e+01
1.000000000000000000e+01,0.000000000000000000e+00,1.090000000000000000e+02,6.884676460406313936e+01,4.326934134942071353e+01,9.287843952353689758e+01
1.000000000000000000e+01,0.000000000000000000e+00,1.100000000000000000e+02,2.830029346156889503e+01,3.482316998177713430e+01,4.761701666104520569e+01
1.000000000000000000e+01,0.000000000000000000e+00,1.110000000000000000e+02,1.976232019285099994e+01,8.438560254165683006e+00,7.760560123297209145e+01
1.000000000000000000e+01,0.000000000000000000e+00,1.120000000000000000e+02,1.089336767241494108e+01,1.463106490819053462e+01,3.355994579888080409e+01
1.000000000000000000e+01,0.000000000000000000e+00,1.130000000000000000e+02,9.394006443974025444e+01,4.616697267821107431e+01,4.908844693886612376e+00
1.000000000000000000e+01,0.000000000000000000e+00,1.140000000000000000e+02,2.749593580689838390e+01,3.717153912132494753e+01,4.690853008421134263e+01
1.000000000000000000e+01,0.000000000000000000e+00,1.150000000000000000e+02,9.171725954596512054e+01,2.856672454862015087e+01,3.277371645973828862e+01
1.000000000000000000e+01,0.000000000000000000e+00,1.160000000000000000e+02,1.940806576386232152e+01,9.255044163612224395e+01,3.807534528974925081e+01
1.000000000000000000e+01,0.000000000000000000e+00,1.170000000000000000e+02,6.578198040989875039e+01,4.287852287653312544e+01,9.061541587806411258e+01
1.000000000000000000e+01,0.000000000000000000e+00,1.180000000000000000e+02,9.412551079896358885e+01,5.033860488009004541e+01,4.624591962628286979e+00
1.000000000000000000e+01,0.000000000000000000e+00,1.190000000000000000e+02,2.459683126498093131e+01,3.850985238204901151e+01,4.681597606733520678e+01
1.000000000000000000e+01,0.000000000000000000e+00,1.200000000000000000e+02,6.240346956157599934e+00,7.467447239198651943e+00,4.586097980324252887e+01
1.000000000000000000e+01,0.000000000000000000e+00,1.210000000000000000e+02,6.479255698933749841e+01,3.998841585448096225e+01,8.886047577996205860e+01
1.000000000000000000e+01,0.000000000000000000e+00,1.220000000000000000e+02,6.963898869488873800e+01,3.426619487487219828e+01,9.049198322650563853e+01
1.000000000000000000e+01,0.000000000000000000e+00,1.230000000000000000e+02,6.956672223648692466e+01,3.983080750678168869e+01,9.279592558170446637e+01
1.000000000000000000e+01,0.000000000000000000e+00,1.240000000000000000e+02,9.414931761050907255e+01,4.666642070204434134e+01,5.391435961517259123e+00
1.000000000000000000e+01,0.000000000000000000e+00,1.250000000000000000e+02,6.422191587534929624e+01,4.034989983571391292e+01,9.227312459386661203e+01
1.000000000000000000e+01,0.000000000000000000e+00,1.260000000000000000e+02,9.375659515175486547e+01,3.636514292459183650e+01,3.863578643342559360e+01
1.000000000000000000e+01,0.000000000000000000e+00,1.270000000000000000e+02,1.235117718395194153e+01,1.462663327643828204e+01,3.910358937647916378e+01
1.000000000000000000e+01,0.000000000000000000e+00,1.280000000000000000e+02,6.327093164556094251e+01,3.621593765217608762e+01,8.719156534529339808e+01
1.000000000000000000e+01,0.000000000000000000e+00,1.290000000000000000e+02,2.174773178671761542e+01,9.351208441014055950e+01,3.489163345667024885e+01
1.000000000000000000e+01,0.000000000000000000e+00,1.300000000000000000e+02,8.210465784406756029e+01,9.076721484572595955e+01,7.770642249657984557e+00
1.000000000000000000e+01,0.000000000000000000e+00,1.310000000000000000e+02,6.648958765988842856e+01,4.620142037265194546e+01,8.895527705640003546e+01
1.000000000000000000e+01,0.000000000000000000e+00,1.320000000000000000e+02,1.183936439792718787e+01,4.631749152737276276e+00,4.184745723383079508e+01
1.000000000000000000e+01,0.000000000000000000e+00,1.330000000000000000e+02,8.508433002378120591e+01,1.856608574112053844e+01,3.576323629205616328e+01
1.000000000000000000e+01,0.000000000000000000e+00,1.340000000000000000e+02,2.076707507308979217e+01,4.029491779141595487e+01,4.869187289048012701e+01
1.000000000000000000e+01,0.000000000000000000e+00,1.350000000000000000e+02,8.224580993656701366e+01,8.420741287612754888e+01,8.071755013836208192e+00
1.000000000000000000e+01,0.000000000000000000e+00,1.360000000000000000e+02,6.388987568734648903e+01,4.488620737409388539e+01,9.133217139236241167e+01
1.000000000000000000e+01,0.000000000000000000e+00,1.370000000000000000e+02,6.927800708688357645e+01,4.237606098003562494e+01,8.899484453708181775e+01
1.000000000000000000e+01,0.000000000000000000e+00,1.380000000000000000e+02,8.673691137626917680e+01,2.885306623272323279e+01,4.374708613816991942e+01
1.000000000000000000e+01,0.000000000000000000e+00,1.390000000000000000e+02,8.476494079116156399e+01,8.676116168392867678e+01,6.785142716942854868e+00
1.000000000000000000e+01,0.000000000000000000e+00,1.400000000000000000e+02,8.317853089147007495e+01,8.636519713971200929e+01,9.077184682460970322e+00
1.000000000000000000e+01,0.000000000000000000e+00,1.410000000000000000e+02,6.566298054437258713e+01,4.332811147834724608e+01,8.846496014257120066e+01
1.000000000000000000e+01,0.000000000000000000e+00,1.420000000000000000e+02,8.391770611146601766e+01,8.411763025020336215e+01,8.690539190394353852e+00
1.000000000000000000e+01,0.000000000000000000e+00,1.430000000000000000e+02,9.724083627708980160e+00,6.889367673118551139e+00,4.434954375944362681e+01
1.000000000000000000e+01,0.000000000000000000e+00,1.440000000000000000e+02,8.553152434711998353e+01,2.341812763222449689e+01,3.898267465493005091e+01
1.000000000000000000e+01,0.000000000000000000e+00,1.450000000000000000e+02,2.806031826184822364e+01,3.742555566281324531e+01,4.996867697284983478e+01
1.000000000000000000e+01,0.000000000000000000e+00,1.460000000000000000e+02,8.693077630707522019e+01,2.359729389988292070e+01,3.565706672542673061e+01
1.000000000000000000e+01,0.000000000000000000e+00,1.470000000000000000e+02,1.974780325149576043e+01,9.892773598454672523e+00,8.046862814485754711e+01
1.000000000000000000e+01,0.000000000000000000e+00,1.480000000000000000e+02,1.397947529173750603e+01,7.047048249628190320e+00,4.234321546734331321e+01
1.000000000000000000e+01,0.000000000000000000e+00,1.490000000000000000e+02,2.290588741985310861e+01,6.763304176780376764e+00,7.954427280562413216e+01
1.000000000000000000e+01,0.000000000000000000e+00,1.500000000000000000e+02,8.188505742486107408e+01,8.777676257633375201e+01,1.202693205567438106e+01
1.000000000000000000e+01,0.000000000000000000e+00,1.510000000000000000e+02,3.106823881205730231e+01,3.776220439811330465e+01,4.798695603499752593e+01
1.000000000000000000e+01,0.000000000000000000e+00,1.520000000000000000e+02,8.510551456102035672e+01,8.205183964549145514e+01,9.064722327229890908e+00
1.000000000000000000e+01,0.000000000000000000e+00,1.530000000000000000e+02,8.502179409523313325e+01,8.465260489682982836e+01,7.127573369097717659e+00
1.000000000000000000e+01,0.000000000000000000e+00,1.540000000000000000e+02,1.444831425668050606e+01,9.684888688234558174e+00,3.902939413674885571e+01
1.000000000000000000e+01,0.000000000000000000e+00,1.550000000000000000e+02,8.164070698382479918e+01,8.840000316088551813e+01,6.614814035154005012e+00
1.000000000000000000e+01,0.000000000000000000e+00,1.560000000000000000e+02,9.423522694297999180e+01,4.952658485161051516e+01,4.934513983112206681e+00
1.000000000000000000e+01,0.000000000000000000e+00,1.570000000000000000e+02,2.284369801013582091e+01,9.139696049789027654e+01,3.949903741575182181e+01
1.000000000000000000e+01,0.000000000000000000e+00,1.580000000000000000e+02,9.364155054498783670e+01,4.943774448741199024e+01,3.463302366211189565e+01
1.000000000000000000e+01,0.000000000000000000e+00,1.590000000000000000e+02,2.540712514870292082e+01,3.749768186484460131e+01,4.536558770800818507e+01
1.000000000000000000e+01,0.000000000000000000e+00,1.600000000000000000e+02,2.136709846550246539e+01,9.293569427770717084e+01,3.760694635475071124e+01
1.000000000000000000e+01,0.000000000000000000e+00,1.610000000000000000e+02,9.429505100438770171e+01,4.545696469542328799e+01,5.568700387188084910e+00
1.000000000000000000e+01,0.000000000000000000e+00,1.620000000000000000e+02,7.507057044818041369e+00,8.933787259497126598e+00,4.082749302172649664e+01
1.000000000000000000e+01,0.000000000000000000e+00,1.630000000000000000e+02,1.024538461117001020e+01,9.744973580287812354e+00,4.035091773874221133e+01
1.000000000000000000e+01,0.000000000000000000e+00,1.640000000000000000e+02,8.500100042302599945e+01,8.112335031547797826e+01,6.697592121160419687e+00
1.000000000000000000e+01,0.000000000000000000e+00,1.650000000000000000e+02,7.961904089501081749e+00,1.824596186592336622e+01,3.666182807303120939e+01
1.000000000000000000e+01,0.000000000000000000e+00,1.660000000000000000e+02,2.004615266124694628e+01,8.762697608998249166e+01,3.705548926716670621e+01
1.000000000000000000e+01,0.000000000000000000e+00,1.670000000000000000e+02,6.966050373866788448e+01,4.137600976480320725e+01,9.062842101333085054e+01
1.000000000000000000e+01,0.000000000000000000e+00,1.680000000000000000e+02,9.307804224435688667e+00,1.052144206770218382e+01,4.357399490665249431e+01
1.000000000000000000e+01,0.000000000000000000e+00,1.690000000000000000e+02,9.458581269429080862e+01,4.682477337381341442e+01,4.467108949222016179e+00
1.000000000000000000e+01,0.000000000000000000e+00,1.700000000000000000e+02,6.871529102861667582e+01,4.145561907614245456e+01,8.610039076951842674e+01
1.000000000000000000e+01,0.000000000000000000e+00,1.710000000000000000e+02,7.101338323987144818e+00,1.323091873410806940e+01,3.673127197129525001e+01
1.000000000000000000e+01,0.000000000000000000e+00,1.720000000000000000e+02,1.672616554888878682e+01,7.478195900065668589e+00,7.573333328876813653e+01
1.000000000000000000e+01,0.000000000000000000e+00,1.730000000000000000e+02,9.499788106367735452e+01,4.491713682238726335e+01,5.533732879006334038e+00
1.000000000000000000e+01,0.000000000000000000e+00,1.740000000000000000e+02,8.403827015107933107e+01,8.721924970362128704e+01,7.873149438274792189e+00
1.000000000000000000e+01,0.000000000000000000e+00,1.750000000000000000e+02,8.325490778801122360e+01,8.146498926842058097e+01,8.267653596098760715e+00
1.000000000000000000e+01,0.000000000000000000e+00,1.760000000000000000e+02,6.275959421556976991e+01,4.403170100553787591e+01,9.508789627367406183e+01
1.000000000000000000e+01,0.000000000000000000e+00,1.770000000000000000e+02,6.848660247307722670e+01,3.659040972573973249e+01,8.624217666204870625e+01
1.000000000000000000e+01,0.000000000000000000e+00,1.780000000000000000e+02,6.455466052453550674e+01,3.619221319388749691e+01,9.168975305766359440e+01
1.000000000000000000e+01,0.000000000000000000e+00,1.790000000000000000e+02,9.430201773885853811e+01,5.937646892876384896e+01,3.654636423516850385e+01
1.000000000000000000e+01,0.000000000000000000e+00,1.800000000000000000e+02,1.961735545647690060e+01,9.125163084072566733e+01,3.298075627047619918e+01
1.000000000000000000e+01,0.000000000000000000e+00,1.810000000000000000e+02,1.044873067343276496e+01,1.231033042359286256e+01,4.042824771781203452e+01
1.000000000000000000e+01,0.000000000000000000e+00,1.820000000000000000e+02,1.192632682557203694e+01,8.110432386134041494e+00,4.168426163029317166e+01
1.000000000000000000e+01,0.000000000000000000e+00,1.830000000000000000e+02,8.911489623174907138e+01,2.341243962628226072e+01,3.004081437673431054e+01
1.000000000000000000e+01,0.000000000000000000e+00,1.840000000000000000e+02,2.208328890565000435e+01,9.311461291883202307e+01,3.262033795494996724e+01
1.000000000000000000e+01,0.000000000000000000e+00,1.850000000000000000e+02,2.698658966676633852e+01,3.483437842095391801e+01,4.449677402928415404e+01
1.000000000000000000e+01,0.000000000000000000e+00,1.860000000000000000e+02,8.402467145152959915e+01,8.894608546511925340e+01,6.949924813295223380e+00
1.000000000000000000e+01,0.000000000000000000e+00,1.870000000000000000e+02,7.042073288664661845e+01,3.892554766346585637e+01,8.942738181974480938e+01
1.000000000000000000e+01,0.000000000000000000e+00,1.880000000000000000e+02,6.622116504729521580e+01,3.644217926897950832e+01,9.123121388123193753e+01
1.000000000000000000e+01,0.000000000000000000e+00,1.890000000000000000e+02,6.968159945229203345e+01,3.999629009399262713e+01,8.771183217416079003e+01
1.000000000000000000e+01,0.000000000000000000e+00,1.900000000000000000e+02,6.963562535469645809e+01,3.735245037121701017e+01,8.476141336038308793e+01
1.000000000000000000e+01,0.000000000000000000e+00,1.910000000000000000e+02,2.413077764894122268e+01,9.508193115700670717e+01,3.428308267805634557e+01
1.000000000000000000e+01,0.000000000000000000e+00,1.920000000000000000e+02,9.434606676080728960e+01,4.417362821740771750e+01,6.495181149886020577e+00
1.000000000000000000e+01,0.000000000000000000e+00,1.930000000000000000e+02,2.783563830835218056e+01,3.829317593212950044e+01,4.794302853871751324e+01
1.000000000000000000e+01,0.000000000000000000e+00,1.940000000000000000e+02,6.679242523009398269e+01,4.275982783743346971e+01,9.236601039781722022e+01
1.000000000000000000e+01,0.000000000000000000e+00,1.950000000000000000e+02,6.507155558734534395e+01,3.362403478410774937e+01,8.936311707429561579e+01
1.000000000000000000e+01,0.000000000000000000e+00,1.960000000000000000e+02,6.634581097703211583e+01,4.544146327532100571e+01,9.207365645751342242e+01
1.000000000000000000e+01,0.000000000000000000e+00,1.970000000000000000e+02,8.709234664604171883e+01,2.084830475524566040e+01,3.541698977109800950e+01
1.000000000000000000e+01,0.000000000000000000e+00,1.980000000000000000e+02,8.734104330509326530e+01,3.286920535043776681e+01,4.684246227711420119e+01
1.000000000000000000e+01,0.000000000000000000e+00,1.990000000000000000e+02,9.407958424795818075e+01,4.495239936698200722e+01,5.811204543737119366e+00
1.100000000000000000e+01,0.000000000000000000e+00,0.000000000000000000e+00,5.753401747396490151e+01,1.846745209074264338e+01,9.394540257253802906e+01
1.100000000000000000e+01,0.000000000000000000e+00,1.000000000000000000e+00,5.733372394238691783e+01,2.292372276935394737e+01,8.891615100406581007e+01
1.100000000000000000e+01,0.000000000000000000e+00,2.000000000000000000e+00,4.910699800863259412e+01,7.646814728013762874e+01,6.686261076238092294e+00
1.100000000000000000e+01,0.000000000000000000e+00,3.000000000000000000e+00,3.312124124481247378e+01,2.887031049083028478e+01,6.400303219021652978e+01
1.100000000000000000e+01,0.000000000000000000e+00,4.000000000000000000e+00,8.062473644499706893e+01,2.298309641238097711e+01,1.704658120293064272e+01
1.100000000000000000e+01,0.000000000000000000e+00,5.000000000000000000e+00,5.450451922085338197e+01,5.716488447139062679e+00,3.910657660754531406e+01
1.100000000000000000e+01,0.000000000000000000e+00,6.000000000000000000e+00,3.710675675454475453e+01,3.176963763041761268e+01,6.938685339078594438e+01
1.100000000000000000e+01,0.000000000000000000e+00,7.000000000000000000e+00,3.613304519626233002e+01,2.878928622833951323e+01,6.729544131827719866e+01
1.100000000000000000e+01,0.000000000000000000e+00,8.000000000000000000e+00,5.244939983240705317e+01,7.514374528487539173e+00,4.315263355847081783e+01
1.100000000000000000e+01,0.000000000000000000e+00,9.000000000000000000e+00,3.430191997766330303e+01,2.807320284742370831e+01,5.816900117677585058e+01
1.100000000000000000e+01,0.000000000000000000e+00,1.000000000000000000e+01,3.604270974992291343e+01,3.523863366184960455e+01,6.548535108527218540e+01
1.100000000000000000e+01,0.000000000000000000e+00,1.100000000000000000e+01,3.086578982140202143e+01,3.030381611527458574e+01,6.208197073376398123e+01
1.100000000000000000e+01,0.000000000000000000e+00,1.200000000000000000e+01,4.292342128955703373e+01,7.983425566839952126e+01,1.325689224002371347e+01
1.100000000000000000e+01,0.000000000000000000e+00,1.300000000000000000e+01,7.510342796835327306e+01,2.966296462725092198e+01,1.902937980891827863e+01
1.100000000000000000e+01,0.000000000000000000e+00,1.400000000000000000e+01,7.736035338059738820e+01,2.985501920085636840e+01,1.670963247956554198e+01
1.100000000000000000e+01,0.000000000000000000e+00,1.500000000000000000e+01,5.344191067455059141e+01,2.091192173979414548e+01,9.057010867890299721e+01
1.100000000000000000e+01,0.000000000000000000e+00,1.600000000000000000e+01,4.467940385198868114e+01,7.624243405610003776e+01,8.455546079159640627e+00
1.100000000000000000e+01,0.000000000000000000e+00,1.700000000000000000e+01,5.583130425255536977e+01,1.845941219207393047e+01,9.391263868368010037e+01
1.100000000000000000e+01,0.000000000000000000e+00,1.800000000000000000e+01,5.197246623647992436e+01,5.884458461348097025e+00,4.127840272086380935e+01
1.100000000000000000e+01,0.000000000000000000e+00,1.900000000000000000e+01,7.801147399263351190e+01,2.782618372556452613e+01,1.459720056833412372e+01
1.100000000000000000e+01,0.000000000000000000e+00,2.000000000000000000e+01,5.821129659545890433e+01,1.872893291441218011e+01,9.477268325803301252e+01
1.100000000000000000e+01,0.000000000000000000e+00,2.100000000000000000e+01,4.858169961425177519e+01,7.874681479913229509e+01,6.304921195024698832e+00
1.100000000000000000e+01,0.000000000000000000e+00,2.200000000000000000e+01,3.546630028130082479e+01,2.743538807483823305e+01,5.258619544981673499e+01
1.100000000000000000e+01,0.000000000000000000e+00,2.300000000000000000e+01,4.967807023819212731e+01,1.064367511614136319e+01,4.431034374049016833e+01
1.100000000000000000e+01,0.000000000000000000e+00,2.400000000000000000e+01,7.261896609590917251e+01,2.746671043286617220e+01,1.888932500750668808e+01
1.100000000000000000e+01,0.000000000000000000e+00,2.500000000000000000e+01,7.481961700687590167e+01,2.727816291728866815e+01,1.712256792266469319e+01
1.100000000000000000e+01,0.000000000000000000e+00,2.600000000000000000e+01,3.700727441944085427e+01,2.760905080295323089e+01,6.010093559191450652e+01
1.100000000000000000e+01,0.000000000000000000e+00,2.700000000000000000e+01,2.788856337231267801e+01,2.689483989456178747e+01,6.146751508554972787e+01
1.100000000000000000e+01,0.000000000000000000e+00,2.800000000000000000e+01,4.520178318638149051e+01,7.824140075800197280e+01,8.036485620105251471e+00
1.100000000000000000e+01,0.000000000000000000e+00,2.900000000000000000e+01,5.529391901657530184e+01,1.703274302245825567e+01,8.828085458755350601e+01
1.100000000000000000e+01,0.000000000000000000e+00,3.000000000000000000e+01,4.547387437242527142e+01,7.766744610924267533e+01,5.530404330537476376e+00
1.100000000000000000e+01,0.000000000000000000e+00,3.100000000000000000e+01,8.106555074883601719e+01,2.858088374650554542e+01,1.323919192214683349e+01
1.100000000000000000e+01,0.000000000000000000e+00,3.200000000000000000e+01,4.320770216960044507e+01,7.940752799769819603e+01,9.753709789494466875e+00
1.100000000000000000e+01,0.000000000000000000e+00,3.300000000000000000e+01,3.376723674950639520e+01,3.042219931310305725e+01,6.484519403819568595e+01
1.100000000000000000e+01,0.000000000000000000e+00,3.400000000000000000e+01,5.046456917996359692e+01,8.071351827061889139e+01,1.939920233992830134e+01
1.100000000000000000e+01,0.000000000000000000e+00,3.500000000000000000e+01,3.356495157960157627e+01,2.938993067025247896e+01,6.728545890057309009e+01
1.100000000000000000e+01,0.000000000000000000e+00,3.600000000000000000e+01,5.525224479079159323e+01,2.108576195187085389e+01,9.276003276982490320e+01
1.100000000000000000e+01,0.000000000000000000e+00,3.700000000000000000e+01,3.594090806619605161e+01,3.014913111458752937e+01,6.554730702257343466e+01
1.100000000000000000e+01,0.000000000000000000e+00,3.800000000000000000e+01,5.658340463293036038e+01,1.567427411430560014e+01,9.170729203533025498e+01
1.100000000000000000e+01,0.000000000000000000e+00,3.900000000000000000e+01,3.431922053232582925e+01,6.678395918880023885e+01,7.377614032511377928e+00
1.100000000000000000e+01,0.000000000000000000e+00,4.000000000000000000e+01,6.151745090762198487e+01,2.232158284809431592e+01,9.108183149584435512e+01
1.100000000000000000e+01,0.000000000000000000e+00,4.100000000000000000e+01,5.233638253399536922e+01,8.116014640138806158e+01,1.532525770861583680e+01
1.100000000000000000e+01,0.000000000000000000e+00,4.200000000000000000e+01,4.731916345625878506e+01,7.584923006658706868e+01,6.284743848932495602e+00
1.100000000000000000e+01,0.000000000000000000e+00,4.300000000000000000e+01,5.008427560751746910e+01,6.436800002612753424e+00,3.990939107957611043e+01
1.100000000000000000e+01,0.000000000000000000e+00,4.400000000000000000e+01,4.577112766828580703e+01,7.670288782290548113e+01,1.580251636120311964e+01
1.100000000000000000e+01,0.000000000000000000e+00,4.500000000000000000e+01,5.714995920404786034e+01,1.893897512725627408e+01,9.232989544795758263e+01
1.100000000000000000e+01,0.000000000000000000e+00,4.600000000000000000e+01,4.798936371647825183e+01,7.869510721048631297e+01,9.660588019952278671e+00
1.100000000000000000e+01,0.000000000000000000e+00,4.700000000000000000e+01,7.606690097053061095e+01,3.235419194285238831e+01,1.643890775604669230e+01
1.100000000000000000e+01,0.000000000000000000e+00,4.800000000000000000e+01,5.484314630951164560e+01,8.010604237217154378e+01,1.165290021214308602e+01
1.100000000000000000e+01,0.000000000000000000e+00,4.900000000000000000e+01,5.088476992558059919e+01,8.137607458649718239e+01,1.706928457933913634e+01
1.100000000000000000e+01,0.000000000000000000e+00,5.000000000000000000e+01,8.100341851498340873e+01,2.776612628761180801e+01,1.968348790090470857e+01
1.100000000000000000e+01,0.000000000000000000e+00,5.100000000000000000e+01,3.009184875396216441e+01,3.017234128284131245e+01,6.673432083903998091e+01
1.100000000000000000e+01,0.000000000000000000e+00,5.200000000000000000e+01,3.189906770907315448e+01,3.113179354009253785e+01,6.197630355965159765e+01
1.100000000000000000e+01,0.000000000000000000e+00,5.300000000000000000e+01,4.401514274315376696e+01,7.754446837475556720e+01,1.041754850448934988e+01
1.100000000000000000e+01,0.000000000000000000e+00,5.400000000000000000e+01,3.878691746856085132e+01,2.808969405660989338e+01,6.711603572073462942e+01
1.100000000000000000e+01,0.000000000000000000e+00,5.500000000000000000e+01,3.605523804139069455e+01,3.188906509863697281e+01,6.113228277971829527e+01
1.100000000000000000e+01,0.000000000000000000e+00,5.600000000000000000e+01,5.673953446749500529e+01,1.612045767083557735e+01,8.905656462991764499e+01
1.100000000000000000e+01,0.000000000000000000e+00,5.700000000000000000e+01,4.897850253295027301e+01,7.825355359611450012e+01,9.157220002923606827e+00
1.100000000000000000e+01,0.000000000000000000e+00,5.800000000000000000e+01,4.037321747657921378e+01,7.492904937294595413e+01,8.675527166246590483e+00
1.100000000000000000e+01,0.000000000000000000e+00,5.900000000000000000e+01,4.904934090569757643e+01,7.912641069806657868e+01,1.265271435423286306e+01
1.100000000000000000e+01,0.000000000000000000e+00,6.000000000000000000e+01,5.924570826996357908e+01,2.000380147247734541e+01,9.089376935484850151e+01
1.100000000000000000e+01,0.000000000000000000e+00,6.100000000000000000e+01,3.463464804825467525e+01,2.816484375379074478e+01,6.556464080680585482e+01
1.100000000000000000e+01,0.000000000000000000e+00,6.200000000000000000e+01,3.281272125399260631e+01,7.015949106285542314e+01,1.081038015716229239e+01
1.100000000000000000e+01,0.000000000000000000e+00,6.300000000000000000e+01,5.685966687846723033e+01,2.401042666094169320e+01,9.402759728459194832e+01
1.100000000000000000e+01,0.000000000000000000e+00,6.400000000000000000e+01,5.258522898684112334e+01,7.951476188456000216e+01,1.314147469055773243e+01
1.100000000000000000e+01,0.000000000000000000e+00,6.500000000000000000e+01,4.784157757921892085e+01,8.080138622686462213e+01,1.516157384209812697e+01
1.100000000000000000e+01,0.000000000000000000e+00,6.600000000000000000e+01,7.514040987594613341e+01,2.948397151961128060e+01,1.270348305256517030e+01
1.100000000000000000e+01,0.000000000000000000e+00,6.700000000000000000e+01,4.473877311389069433e+01,7.484330282888338104e+01,5.852125568827054813e+00
1.100000000000000000e+01,0.000000000000000000e+00,6.800000000000000000e+01,5.373267163835414095e+01,7.266476418179356855e+00,4.160781746129880077e+01
1.100000000000000000e+01,0.000000000000000000e+00,6.900000000000000000e+01,4.275536928717584573e+01,2.983331344188081147e+01,6.325211720788162495e+01
1.100000000000000000e+01,0.000000000000000000e+00,7.000000000000000000e+01,4.855302040711342926e+01,1.056427879996652486e+01,3.845781302409373126e+01
1.100000000000000000e+01,0.000000000000000000e+00,7.100000000000000000e+01,5.033792210653461296e+01,6.199163150269865419e+00,4.288718874996517627e+01
1.100000000000000000e+01,0.000000000000000000e+00,7.200000000000000000e+01,5.658479621989398112e+01,1.866387537758248527e+01,9.088678475075563767e+01
1.100000000000000000e+01,0.000000000000000000e+00,7.300000000000000000e+01,6.192774125477846070e+01,2.053395647706410898e+01,9.383349826152468154e+01
1.100000000000000000e+01,0.000000000000000000e+00,7.400000000000000000e+01,4.584488271706049289e+01,7.566769218162087896e+01,5.363508579853409231e+00
1.100000000000000000e+01,0.000000000000000000e+00,7.500000000000000000e+01,5.181479839518653563e+01,1.699335365045649837e+01,9.213609675961737366e+01
1.100000000000000000e+01,0.000000000000000000e+00,7.600000000000000000e+01,4.415124761020260991e+01,7.792992434711173644e+01,5.740353822388430949e+00
1.100000000000000000e+01,0.000000000000000000e+00,7.700000000000000000e+01,3.107466144871307634e+01,3.439241556334214778e+01,6.528072494735526732e+01
1.100000000000000000e+01,0.000000000000000000e+00,7.800000000000000000e+01,2.959550329976270433e+01,2.999034236716152080e+01,6.377713929129780723e+01
1.100000000000000000e+01,0.000000000000000000e+00,7.900000000000000000e+01,5.998879251435005244e+01,2.202210220257270024e+01,8.973998999139280386e+01
1.100000000000000000e+01,0.000000000000000000e+00,8.000000000000000000e+01,5.924688029563287017e+01,2.227276192629877372e+01,9.506100780124454275e+01
1.100000000000000000e+01,0.000000000000000000e+00,8.100000000000000000e+01,4.251079984605136275e+01,7.695093654479549627e+01,7.330684369950234647e+00
1.100000000000000000e+01,0.000000000000000000e+00,8.200000000000000000e+01,4.272258967281976538e+01,7.664724360746787113e+01,1.216851370272036625e+01
1.100000000000000000e+01,0.000000000000000000e+00,8.300000000000000000e+01,3.180359639033768460e+01,6.859872653731815717e+01,5.676872398484700710e+00
1.100000000000000000e+01,0.000000000000000000e+00,8.400000000000000000e+01,5.085127455614401981e+01,7.904893458073991042e+01,9.300135989752726928e+00
1.100000000000000000e+01,0.000000000000000000e+00,8.500000000000000000e+01,5.270410173792920006e+01,1.076975006770894439e+01,4.079593443435625488e+01
1.100000000000000000e+01,0.000000000000000000e+00,8.600000000000000000e+01,3.731651530386879756e+01,2.715591159389160936e+01,6.584686962722889803e+01
1.100000000000000000e+01,0.000000000000000000e+00,8.700000000000000000e+01,5.860810965823437613e+01,1.903596297570000218e+01,9.222555481694453761e+01
1.100000000000000000e+01,0.000000000000000000e+00,8.800000000000000000e+01,4.274708483999062736e+01,7.468713568507708089e+01,5.633241956396357608e+00
1.100000000000000000e+01,0.000000000000000000e+00,8.900000000000000000e+01,7.615362295900662559e+01,2.586822888801901144e+01,2.043284129443508945e+01
1.100000000000000000e+01,0.000000000000000000e+00,9.000000000000000000e+01,3.770523978932971687e+01,6.890258956348387187e+01,5.854937921674364887e+00
1.100000000000000000e+01,0.000000000000000000e+00,9.100000000000000000e+01,5.107297603514712137e+01,8.235676149429997395e+01,1.007253082065873073e+01
1.100000000000000000e+01,0.000000000000000000e+00,9.200000000000000000e+01,3.688491756481526807e+01,7.227865401360301689e+01,6.255516995615744591e+00
1.100000000000000000e+01,0.000000000000000000e+00,9.300000000000000000e+01,4.153058969229939379e+01,3.495530091600718237e+01,6.108222982030166293e+01
1.100000000000000000e+01,0.000000000000000000e+00,9.400000000000000000e+01,3.372666689429951958e+01,2.818154180950529408e+01,6.218452850245969898e+01
1.100000000000000000e+01,0.000000000000000000e+00,9.500000000000000000e+01,3.753038679929445465e+01,3.034036966451894557e+01,5.837663418619862910e+01
1.100000000000000000e+01,0.000000000000000000e+00,9.600000000000000000e+01,5.347904782786999789e+01,7.943879149683357355e+01,1.605215310126591177e+01
1.100000000000000000e+01,0.000000000000000000e+00,9.700000000000000000e+01,3.842995374774191220e+01,2.899712522684701455e+01,6.474893051736430039e+01
1.100000000000000000e+01,0.000000000000000000e+00,9.800000000000000000e+01,5.434418339068204773e+01,8.187285736122548485e+01,1.441260452379948376e+01
1.100000000000000000e+01,0.000000000000000000e+00,9.900000000000000000e+01,4.021204553756472677e+01,2.626510178893215297e+01,5.677481438754969645e+01
1.100000000000000000e+01,0.000000000000000000e+00,1.000000000000000000e+02,4.936984305500576653e+01,7.998216075887428644e+01,9.208750893727604137e+00
1.100000000000000000e+01,0.000000000000000000e+00,1.010000000000000000e+02,4.193117157006935969e+01,3.057186920145353426e+01,6.959444805858403527e+01
1.100000000000000000e+01,0.000000000000000000e+00,1.020000000000000000e+02,5.504348424580958721e+01,6.671797061868139700e+00,4.112473262934964424e+01
1.100000000000000000e+01,0.000000000000000000e+00,1.030000000000000000e+02,4.642862742653289132e+01,8.146244651337907783e+01,6.725830007276877964e+00
1.100000000000000000e+01,0.000000000000000000e+00,1.040000000000000000e+02,3.956216624398228987e+01,3.053112651289323054e+01,6.165858371350462619e+01
1.100000000000000000e+01,0.000000000000000000e+00,1.050000000000000000e+02,4.634627682571843366e+01,7.948710295690963790e+01,1.330440293433414567e+01
1.100000000000000000e+01,0.000000000000000000e+00,1.060000000000000000e+02,3.957920905680821733e+01,7.320100893873397752e+01,5.678827227727260230e+00
1.100000000000000000e+01,0.000000000000000000e+00,1.070000000000000000e+02,7.339701029864313853e+01,2.917340430458725820e+01,1.874472043320435333e+01
1.100000000000000000e+01,0.000000000000000000e+00,1.080000000000000000e+02,3.263345782372991266e+01,3.043607058099269835e+01,6.762999134012311231e+01
1.100000000000000000e+01,0.000000000000000000e+00,1.090000000000000000e+02,3.617097512096041356e+01,2.817595018207626367e+01,6.901199535564326482e+01
1.100000000000000000e+01,0.000000000000000000e+00,1.100000000000000000e+02,5.864054587312350719e+01,1.703239193374671245e+01,9.180244036486924131e+01
1.100000000000000000e+01,0.000000000000000000e+00,1.110000000000000000e+02,4.917858950822775910e+01,7.886835123517782620e+01,4.650588752560318007e+00
1.100000000000000000e+01,0.000000000000000000e+00,1.120000000000000000e+02,3.670045434658297978e+01,2.871420840129298213e+01,5.668437302520426613e+01
1.100000000000000000e+01,0.000000000000000000e+00,1.130000000000000000e+02,7.798441559949159796e+01,2.393144450262477463e+01,1.843698316814159099e+01
1.100000000000000000e+01,0.000000000000000000e+00,1.140000000000000000e+02,5.087959245267204977e+01,8.020368217712334058e+01,1.078846798712317323e+01
1.100000000000000000e+01,0.000000000000000000e+00,1.150000000000000000e+02,5.292788677283815701e+01,7.871877147459943558e+01,9.855377223987810353e+00
1.100000000000000000e+01,0.000000000000000000e+00,1.160000000000000000e+02,7.287425260538373095e+01,3.229621692842605540e+01,1.599776667418609577e+01
1.100000000000000000e+01,0.000000000000000000e+00,1.170000000000000000e+02,7.405273537265733808e+01,3.150769703568010982e+01,1.407255758136535384e+01
1.100000000000000000e+01,0.000000000000000000e+00,1.180000000000000000e+02,5.139556452155280653e+01,7.836318908352815527e+01,6.377587949811651669e+00
1.100000000000000000e+01,0.000000000000000000e+00,1.190000000000000000e+02,5.235154888502722059e+01,9.132925921415179005e+00,4.037126908775005774e+01
1.100000000000000000e+01,0.000000000000000000e+00,1.200000000000000000e+02,2.987523986759427075e+01,2.908605021562675574e+01,6.092524626352023631e+01
1.100000000000000000e+01,0.000000000000000000e+00,1.210000000000000000e+02,3.870890395726689093e+01,2.921421897403473267e+01,6.917747222070070734e+01
1.100000000000000000e+01,0.000000000000000000e+00,1.220000000000000000e+02,3.578800982904553507e+01,6.983772365407121185e+01,6.407496507392526297e+00
1.100000000000000000e+01,0.000000000000000000e+00,1.230000000000000000e+02,3.912825768223996903e+01,3.035783780924337805e+01,5.384640584117386908e+01
1.100000000000000000e+01,0.000000000000000000e+00,1.240000000000000000e+02,3.608717753766987357e+01,7.270289516658273499e+01,6.017199317501134459e+00
1.100000000000000000e+01,0.000000000000000000e+00,1.250000000000000000e+02,3.696964853777613058e+01,7.145869470922730216e+01,8.547073466298463984e+00
1.100000000000000000e+01,0.000000000000000000e+00,1.260000000000000000e+02,3.197038735511123164e+01,2.442842025957667929e+01,6.259808016287938415e+01
1.100000000000000000e+01,0.000000000000000000e+00,1.270000000000000000e+02,3.235717184638584598e+01,3.207291441352650452e+01,6.911934473357258923e+01
1.100000000000000000e+01,0.000000000000000000e+00,1.280000000000000000e+02,3.799164013243964888e+01,3.127567061656924352e+01,5.735190933059409701e+01
1.100000000000000000e+01,0.000000000000000000e+00,1.290000000000000000e+02,4.070397269687904895e+01,7.981482775650766825e+01,9.295381249458728234e+00
1.100000000000000000e+01,0.000000000000000000e+00,1.300000000000000000e+02,4.634153885135140172e+01,7.916618785470177500e+01,7.476252647255919648e+00
1.100000000000000000e+01,0.000000000000000000e+00,1.310000000000000000e+02,5.169019745641187313e+01,7.946765054976755493e+01,1.584007671333475642e+01
1.100000000000000000e+01,0.000000000000000000e+00,1.320000000000000000e+02,5.315520821349291936e+01,8.071221734993733321e+01,9.719627758986671751e+00
1.100000000000000000e+01,0.000000000000000000e+00,1.330000000000000000e+02,5.382045648083084188e+01,7.432268812695418170e+00,4.469241862248821917e+01
1.100000000000000000e+01,0.000000000000000000e+00,1.340000000000000000e+02,3.569116212156092871e+01,7.275666153980060358e+01,7.600877499830623663e+00
1.100000000000000000e+01,0.000000000000000000e+00,1.350000000000000000e+02,3.378032690622866596e+01,3.125643588086609270e+01,6.097521701207740819e+01
1.100000000000000000e+01,0.000000000000000000e+00,1.360000000000000000e+02,4.126512560274642283e+01,7.707090642182004103e+01,8.229808019840172406e+00
1.100000000000000000e+01,0.000000000000000000e+00,1.370000000000000000e+02,7.475466316024248670e+01,2.081711080288940963e+01,1.632550566423392624e+01
1.100000000000000000e+01,0.000000000000000000e+00,1.380000000000000000e+02,4.709048600178969224e+01,8.023361735012514373e+01,1.040500800352190680e+01
1.100000000000000000e+01,0.000000000000000000e+00,1.390000000000000000e+02,4.565371064297404047e+01,7.928749542852828824e+01,1.098253994214541862e+01
1.100000000000000000e+01,0.000000000000000000e+00,1.400000000000000000e+02,7.879878478132208386e+01,3.209935777856596673e+01,1.490381641421257264e+01
1.100000000000000000e+01,0.000000000000000000e+00,1.410000000000000000e+02,5.797746176783647343e+01,2.144595494915496303e+01,9.297590307902008533e+01
1.100000000000000000e+01,0.000000000000000000e+00,1.420000000000000000e+02,7.222088194289442242e+01,2.809719764806654752e+01,1.536030833640524662e+01
1.100000000000000000e+01,0.000000000000000000e+00,1.430000000000000000e+02,5.374283535211664287e+01,7.931877754819670656e+01,1.315172341575626902e+01
1.100000000000000000e+01,0.000000000000000000e+00,1.440000000000000000e+02,5.015404114592268314e+01,7.995998953155113043e+01,1.642522397676291845e+01
1.100000000000000000e+01,0.000000000000000000e+00,1.450000000000000000e+02,5.496587785041776186e+01,1.952975626490292882e+01,9.335529330687189997e+01
1.100000000000000000e+01,0.000000000000000000e+00,1.460000000000000000e+02,3.167447904510392931e+01,2.913875314554703522e+01,6.528939565352212071e+01
1.100000000000000000e+01,0.000000000000000000e+00,1.470000000000000000e+02,5.286814094128067154e+01,8.111942619667259180e+01,1.929263925630948506e+01
1.100000000000000000e+01,0.000000000000000000e+00,1.480000000000000000e+02,4.108017195568143620e+01,7.755687753927008998e+01,5.643240889737146659e+00
1.100000000000000000e+01,0.000000000000000000e+00,1.490000000000000000e+02,2.963120142228584086e+01,3.097846741573063767e+01,6.403052219001166634e+01
1.100000000000000000e+01,0.000000000000000000e+00,1.500000000000000000e+02,7.857172248088630795e+01,2.562697616202673956e+01,1.699679035522865078e+01
1.100000000000000000e+01,0.000000000000000000e+00,1.510000000000000000e+02,3.704616000569346568e+01,2.955078986116299689e+01,6.164667021162306781e+01
1.100000000000000000e+01,0.000000000000000000e+00,1.520000000000000000e+02,3.446231268615645149e+01,3.192052363695577455e+01,6.337997031595170228e+01
1.100000000000000000e+01,0.000000000000000000e+00,1.530000000000000000e+02,3.234500765069792294e+01,2.589332499985798108e+01,5.778121174212211031e+01
1.100000000000000000e+01,0.000000000000000000e+00,1.540000000000000000e+02,4.812930408464565346e+01,6.780835715888003712e+00,4.123895885233726233e+01
1.100000000000000000e+01,0.000000000000000000e+00,1.550000000000000000e+02,3.845921206152619476e+01,7.395098502064503521e+01,6.240965133380962371e+00
1.100000000000000000e+01,0.000000000000000000e+00,1.560000000000000000e+02,3.156966831164092113e+01,7.018377174246045058e+01,6.898688313197220090e+00
1.100000000000000000e+01,0.000000000000000000e+00,1.570000000000000000e+02,5.174024739759691016e+01,9.042469451128432922e+00,3.893370181006940811e+01
1.100000000000000000e+01,0.000000000000000000e+00,1.580000000000000000e+02,3.420325607678928748e+01,2.967828007325287842e+01,5.941857969054251498e+01
1.100000000000000000e+01,0.000000000000000000e+00,1.590000000000000000e+02,7.259329621756339179e+01,3.010624489969421802e+01,1.761930268113889397e+01
1.100000000000000000e+01,0.000000000000000000e+00,1.600000000000000000e+02,3.375958944602218992e+01,6.949743172583558248e+01,5.974369868266473205e+00
1.100000000000000000e+01,0.000000000000000000e+00,1.610000000000000000e+02,5.044363976667349192e+01,8.126756106322183371e+01,1.415652861677876118e+01
1.100000000000000000e+01,0.000000000000000000e+00,1.620000000000000000e+02,3.821183827568616920e+01,7.290197341320812541e+01,6.603539697767136119e+00
1.100000000000000000e+01,0.000000000000000000e+00,1.630000000000000000e+02,7.712873202501064895e+01,2.837152444668710416e+01,1.875859664497995638e+01
1.100000000000000000e+01,0.000000000000000000e+00,1.640000000000000000e+02,3.384293047688571221e+01,3.127435318061887770e+01,6.226425904843539882e+01
1.100000000000000000e+01,0.000000000000000000e+00,1.650000000000000000e+02,3.565481266657894110e+01,2.612362044136805039e+01,5.606687185408571850e+01
1.100000000000000000e+01,0.000000000000000000e+00,1.660000000000000000e+02,3.161269053938703166e+01,2.826950056246757370e+01,5.992965954668531481e+01
1.100000000000000000e+01,0.000000000000000000e+00,1.670000000000000000e+02,4.128012698677293457e+01,3.042458925002265957e+01,5.863269693614006428e+01
1.100000000000000000e+01,0.000000000000000000e+00,1.680000000000000000e+02,7.895607689425938247e+01,2.677870213852608217e+01,1.813279310125415833e+01
1.100000000000000000e+01,0.000000000000000000e+00,1.690000000000000000e+02,3.989854533541441839e+01,3.352076207782136663e+01,6.541768991541692913e+01
1.100000000000000000e+01,0.000000000000000000e+00,1.700000000000000000e+02,3.416330399436919407e+01,3.135504982731794854e+01,6.778023737446217467e+01
1.100000000000000000e+01,0.000000000000000000e+00,1.710000000000000000e+02,5.579246134340776564e+01,2.066609624207088203e+01,8.804796158085672175e+01
1.100000000000000000e+01,0.000000000000000000e+00,1.720000000000000000e+02,7.475821424573966567e+01,2.851542450203488954e+01,1.554476008103451967e+01
1.100000000000000000e+01,0.000000000000000000e+00,1.730000000000000000e+02,4.056657696064386442e+01,3.059157260075810925e+01,6.659138298201030182e+01
1.100000000000000000e+01,0.000000000000000000e+00,1.740000000000000000e+02,3.226555971542107670e+01,3.142438505402842353e+01,6.525453399111499664e+01
1.100000000000000000e+01,0.000000000000000000e+00,1.750000000000000000e+02,5.873236248564709427e+01,2.639700182703864684e+01,9.170848810950487007e+01
1.100000000000000000e+01,0.000000000000000000e+00,1.760000000000000000e+02,4.792571109225197290e+01,8.189172600255132295e+01,1.938357229673485449e+01
1.100000000000000000e+01,0.000000000000000000e+00,1.770000000000000000e+02,3.546043929834716835e+01,2.897549286623237919e+01,6.380695576521431178e+01
1.100000000000000000e+01,0.000000000000000000e+00,1.780000000000000000e+02,4.705159729104374833e+01,8.083553437438087030e+01,1.691570158387809997e+01
1.100000000000000000e+01,0.000000000000000000e+00,1.790000000000000000e+02,7.887297075346526753e+01,3.008270256419412547e+01,2.177495757491690398e+01
1.100000000000000000e+01,0.000000000000000000e+00,1.800000000000000000e+02,5.367918818922336754e+01,7.688252269954158180e+01,5.350639643564243819e+00
1.100000000000000000e+01,0.000000000000000000e+00,1.810000000000000000e+02,3.684027492817449456e+01,3.123512284841262598e+01,6.367618931403444549e+01
1.100000000000000000e+01,0.000000000000000000e+00,1.820000000000000000e+02,3.447672497398572489e+01,7.181120417227865005e+01,6.991686762083464401e+00
1.100000000000000000e+01,0.000000000000000000e+00,1.830000000000000000e+02,7.345760200426614972e+01,2.538050662651610523e+01,1.795687004920344165e+01
1.100000000000000000e+01,0.000000000000000000e+00,1.840000000000000000e+02,5.431515693228583075e+01,1.786313818724869407e+01,9.108231181960333345e+01
1.100000000000000000e+01,0.000000000000000000e+00,1.850000000000000000e+02,7.744726233547019945e+01,2.690740839402635132e+01,1.926510542097758361e+01
1.100000000000000000e+01,0.000000000000000000e+00,1.860000000000000000e+02,7.643825765029779973e+01,2.569075865745344345e+01,1.590986296960883450e+01
1.100000000000000000e+01,0.000000000000000000e+00,1.870000000000000000e+02,3.954005536331400350e+01,2.909397341132165948e+01,6.412218838092381645e+01
1.100000000000000000e+01,0.000000000000000000e+00,1.880000000000000000e+02,5.160748156165104206e+01,6.646218084047316843e+00,3.881404181729673297e+01
1.100000000000000000e+01,0.000000000000000000e+00,1.890000000000000000e+02,3.286066375509085447e+01,2.620444411910530391e+01,6.270184259524211967e+01
1.100000000000000000e+01,0.000000000000000000e+00,1.900000000000000000e+02,3.198149263935538755e+01,2.589088934439975631e+01,6.020830841576120207e+01
1.100000000000000000e+01,0.000000000000000000e+00,1.910000000000000000e+02,5.603327274339181940e+01,1.606859872944617962e+01,9.411350661058695266e+01
1.100000000000000000e+01,0.000000000000000000e+00,1.920000000000000000e+02,3.486906623682251194e+01,7.087204032531913356e+01,9.390260086362310687e+00
1.100000000000000000e+01,0.000000000000000000e+00,1.930000000000000000e+02,7.627635046303619504e+01,3.194703717698549283e+01,1.844530448773534559e+01
1.100000000000000000e+01,0.000000000000000000e+00,1.940000000000000000e+02,5.102177874814892533e+01,7.920586229070370621e+01,1.152042089322558027e+01
1.100000000000000000e+01,0.000000000000000000e+00,1.950000000000000000e+02,3.713111419947423997e+01,7.177834856622959592e+01,5.397270231325475009e+00
1.100000000000000000e+01,0.000000000000000000e+00,1.960000000000000000e+02,3.324588628109308530e+01,3.099924237873570476e+01,5.545377903763411354e+01
1.100000000000000000e+01,0.000000000000000000e+00,1.970000000000000000e+02,3.914192011544520255e+01,3.077082682269959690e+01,6.521200768927624836e+01
1.100000000000000000e+01,0.000000000000000000e+00,1.980000000000000000e+02,5.475884637970992230e+01,1.604306819406968643e+01,9.142890584683834732e+01
1.100000000000000000e+01,0.000000000000000000e+00,1.990000000000000000e+02,4.059832342360657265e+01,2.734091299760353877e+01,6.778777857055123945e+01
